[{"model": "contenttypes.contenttype", "pk": 1, "fields": {"app_label": "posts", "model": "post"}}, {"model": "contenttypes.contenttype", "pk": 2, "fields": {"app_label": "admin", "model": "logentry"}}, {"model": "contenttypes.contenttype", "pk": 3, "fields": {"app_label": "auth", "model": "permission"}}, {"model": "contenttypes.contenttype", "pk": 4, "fields": {"app_label": "auth", "model": "group"}}, {"model": "contenttypes.contenttype", "pk": 5, "fields": {"app_label": "auth", "model": "user"}}, {"model": "contenttypes.contenttype", "pk": 6, "fields": {"app_label": "contenttypes", "model": "contenttype"}}, {"model": "contenttypes.contenttype", "pk": 7, "fields": {"app_label": "sessions", "model": "session"}}, {"model": "contenttypes.contenttype", "pk": 8, "fields": {"app_label": "posts", "model": "group"}}, {"model": "contenttypes.contenttype", "pk": 9, "fields": {"app_label": "thumbnail", "model": "kvstore"}}, {"model": "contenttypes.contenttype", "pk": 10, "fields": {"app_label": "posts", "model": "comment"}}, {"model": "contenttypes.contenttype", "pk": 11, "fields": {"app_label": "posts", "model": "follow"}}, {"model": "contenttypes.contenttype", "pk": 12, "fields": {"app_label": "authtoken", "model": "token"}}, {"model": "contenttypes.contenttype", "pk": 13, "fields": {"app_label": "authtoken", "model": "tokenproxy"}}, {"model": "contenttypes.contenttype", "pk": 14, "fields": {"app_label": "captcha", "model": "captchastore"}}, {"model": "contenttypes.contenttype", "pk": 15, "fields": {"app_label": "social_django", "model": "association"}}, {"model": "contenttypes.contenttype", "pk": 16, "fields": {"app_label": "social_django", "model": "code"}}, {"model": "contenttypes.contenttype", "pk": 17, "fields": {"app_label": "social_django", "model": "nonce"}}, {"model": "contenttypes.contenttype", "pk": 18, "fields": {"app_label": "social_django", "model": "usersocialauth"}}, {"model": "contenttypes.contenttype", "pk": 19, "fields": {"app_label": "social_django", "model": "partial"}}, {"model": "contenttypes.contenttype", "pk": 20, "fields": {"app_label": "posts", "model": "message"}}, {"model": "sessions.session", "pk": "1oycszzkaczabn530qjgejm28s7b6f2n", "fields": {"session_data": "YzhhNTZkYWMxZjVmYzA5YjIyZmQxNWJkZmVmYjJiYjFiYTZjYWQ2Yjp7Il9hdXRoX3VzZXJfaWQiOiI0IiwiX2F1dGhfdXNlcl9iYWNrZW5kIjoiZGphbmdvLmNvbnRyaWIuYXV0aC5iYWNrZW5kcy5Nb2RlbEJhY2tlbmQiLCJfYXV0aF91c2VyX2hhc2giOiJhNDIwODliZjFjMjYwN2E3NTMzZWI1MmRlYjkwYTkzMjY0NjQzZGEwIn0=", "expire_date": "2021-09-16T10:55:42.148"}}, {"model": "sessions.session", "pk": "3gaq343ac59r7dwu26tw6uat8tk89ngn", "fields": {"session_data": "YzhhNTZkYWMxZjVmYzA5YjIyZmQxNWJkZmVmYjJiYjFiYTZjYWQ2Yjp7Il9hdXRoX3VzZXJfaWQiOiI0IiwiX2F1dGhfdXNlcl9iYWNrZW5kIjoiZGphbmdvLmNvbnRyaWIuYXV0aC5iYWNrZW5kcy5Nb2RlbEJhY2tlbmQiLCJfYXV0aF91c2VyX2hhc2giOiJhNDIwODliZjFjMjYwN2E3NTMzZWI1MmRlYjkwYTkzMjY0NjQzZGEwIn0=", "expire_date": "2021-06-26T19:26:46.144"}}, {"model": "sessions.session", "pk": "ato0m5lc3spy8mmch26je2xb7euy0zv8", "fields": {"session_data": "NjJhNWI0NTVlYzY3MjM2ZDE5Yjg4YzY1MWUzYWFjZDVjNjA5NzY0Zjp7Il9hdXRoX3VzZXJfaWQiOiIxIiwiX2F1dGhfdXNlcl9iYWNrZW5kIjoiZGphbmdvLmNvbnRyaWIuYXV0aC5iYWNrZW5kcy5Nb2RlbEJhY2tlbmQiLCJfYXV0aF91c2VyX2hhc2giOiI1ZjEyMzk4OWFhN2VlODQ5MDNiMmUyYmUxNGE5MjU2MjJiNGJhYzI4In0=", "expire_date": "2019-10-15T14:42:37.187"}}, {"model": "sessions.session", "pk": "d9f98mrrmdfpaw7k0bsuv7zc5k68gr56", "fields": {"session_data": "OWQ1YmNjMDk4NTc2NTllOGM3ZmU3ZmRjN2ZlNzA0OTBjYzNiMTQwYjp7fQ==", "expire_date": "2021-06-22T22:28:57.147"}}, {"model": "sessions.session", "pk": "gjb4nf5xdbvvkao4fc73e9fhvpksq49s", "fields": {"session_data": "OWQ1YmNjMDk4NTc2NTllOGM3ZmU3ZmRjN2ZlNzA0OTBjYzNiMTQwYjp7fQ==", "expire_date": "2021-06-22T22:27:13.394"}}, {"model": "sessions.session", "pk": "hrq5xjnt36vlolkmgd7w483x4zznimo3", "fields": {"session_data": "YzhhNTZkYWMxZjVmYzA5YjIyZmQxNWJkZmVmYjJiYjFiYTZjYWQ2Yjp7Il9hdXRoX3VzZXJfaWQiOiI0IiwiX2F1dGhfdXNlcl9iYWNrZW5kIjoiZGphbmdvLmNvbnRyaWIuYXV0aC5iYWNrZW5kcy5Nb2RlbEJhY2tlbmQiLCJfYXV0aF91c2VyX2hhc2giOiJhNDIwODliZjFjMjYwN2E3NTMzZWI1MmRlYjkwYTkzMjY0NjQzZGEwIn0=", "expire_date": "2021-07-21T22:10:49.786"}}, {"model": "sessions.session", "pk": "law4pxyyjvtgl2c2eu3ylk8p9jq018om", "fields": {"session_data": "NmQzMjBmNTY1NTgyNTdlYTQwNjBlNWQwZTg1N2I0YjI1OTQ0NDYzMjp7Il9hdXRoX3VzZXJfaWQiOiIzIiwiX2F1dGhfdXNlcl9iYWNrZW5kIjoiZGphbmdvLmNvbnRyaWIuYXV0aC5iYWNrZW5kcy5Nb2RlbEJhY2tlbmQiLCJfYXV0aF91c2VyX2hhc2giOiJhMzFhYzRmZWNiODRjOWE3MWM0MTUyOGRmNGNjNzAxYzQ3NWQ4YzNiIn0=", "expire_date": "2021-06-01T19:32:45.483"}}, {"model": "sessions.session", "pk": "p14hfsxtomk79n650lfurr6kgsajzlla", "fields": {"session_data": "OWQ1YmNjMDk4NTc2NTllOGM3ZmU3ZmRjN2ZlNzA0OTBjYzNiMTQwYjp7fQ==", "expire_date": "2021-06-22T22:28:34.719"}}, {"model": "thumbnail.kvstore", "pk": "sorl-thumbnail||image||0dd3e0be08da07ec8b3c26d02676a4d2", "fields": {"value": "{\"name\": \"posts/bg.png\", \"storage\": \"django.core.files.storage.FileSystemStorage\", \"size\": [512, 512]}"}}, {"model": "thumbnail.kvstore", "pk": "sorl-thumbnail||image||335def3e35a0081d688df7d02d970b94", "fields": {"value": "{\"name\": \"cache/30/3d/303dc8ebaef34c2663b9bc17bb2361b4.jpg\", \"storage\": \"django.core.files.storage.FileSystemStorage\", \"size\": [100, 100]}"}}, {"model": "thumbnail.kvstore", "pk": "sorl-thumbnail||image||4e4e928136aba1227e973a5c4c95b6c1", "fields": {"value": "{\"name\": \"cache/53/87/5387cd73cae5f6c4f75655202008a358.jpg\", \"storage\": \"django.core.files.storage.FileSystemStorage\", \"size\": [960, 480]}"}}, {"model": "thumbnail.kvstore", "pk": "sorl-thumbnail||image||52d06bd6d9597c1c4ffd084a61da53b7", "fields": {"value": "{\"name\": \"posts/cat1.jpg\", \"storage\": \"django.core.files.storage.FileSystemStorage\", \"size\": [900, 637]}"}}, {"model": "thumbnail.kvstore", "pk": "sorl-thumbnail||image||53bb3833ea0364bc82c7e06348a15964", "fields": {"value": "{\"name\": \"cache/ae/ab/aeab020dc5ad930660d9c026eed0b61a.jpg\", \"storage\": \"django.core.files.storage.FileSystemStorage\", \"size\": [300, 300]}"}}, {"model": "thumbnail.kvstore", "pk": "sorl-thumbnail||image||58ed44ce3abc0bccdc6ea6669c61ee6e", "fields": {"value": "{\"name\": \"cache/8d/78/8d789ff5838c189cf11d79a99e02fc2c.jpg\", \"storage\": \"django.core.files.storage.FileSystemStorage\", \"size\": [339, 339]}"}}, {"model": "thumbnail.kvstore", "pk": "sorl-thumbnail||image||671999e4ce5360e9990d418a68925819", "fields": {"value": "{\"name\": \"cache/46/33/4633fd6c0ef61b38153aab6d84a023d1.jpg\", \"storage\": \"django.core.files.storage.FileSystemStorage\", \"size\": [100, 100]}"}}, {"model": "thumbnail.kvstore", "pk": "sorl-thumbnail||image||7935d4fd94cf6464b227528293bab084", "fields": {"value": "{\"name\": \"cache/aa/2e/aa2ebefeed21c2c8e97bb981777060a1.jpg\", \"storage\": \"django.core.files.storage.FileSystemStorage\", \"size\": [960, 339]}"}}, {"model": "thumbnail.kvstore", "pk": "sorl-thumbnail||image||7c71ad116636c2376267d5656d6219e9", "fields": {"value": "{\"name\": \"cache/7f/69/7f6980cd08197c2a265b81e2c46714e5.jpg\", \"storage\": \"django.core.files.storage.FileSystemStorage\", \"size\": [480, 320]}"}}, {"model": "thumbnail.kvstore", "pk": "sorl-thumbnail||image||bbd7d122c2c1825a6b5dd9f505159b25", "fields": {"value": "{\"name\": \"cache/c8/84/c8840b549f2c6eb54495f44e6ddd9c5f.jpg\", \"storage\": \"django.core.files.storage.FileSystemStorage\", \"size\": [100, 100]}"}}, {"model": "thumbnail.kvstore", "pk": "sorl-thumbnail||image||eadaff968ef17e393324ff71e44818d3", "fields": {"value": "{\"name\": \"cache/79/92/7992c4019b48ecd3badb8d5b27264232.jpg\", \"storage\": \"django.core.files.storage.FileSystemStorage\", \"size\": [960, 339]}"}}, {"model": "thumbnail.kvstore", "pk": "sorl-thumbnail||image||f18137c108c23fa500b15658a2637c79", "fields": {"value": "{\"name\": \"cache/64/7f/647f1f165dc247f7e89757f3a0adc8d4.jpg\", \"storage\": \"django.core.files.storage.FileSystemStorage\", \"size\": [960, 960]}"}}, {"model": "thumbnail.kvstore", "pk": "sorl-thumbnail||thumbnails||0dd3e0be08da07ec8b3c26d02676a4d2", "fields": {"value": "[\"7c71ad116636c2376267d5656d6219e9\", \"335def3e35a0081d688df7d02d970b94\", \"f18137c108c23fa500b15658a2637c79\", \"58ed44ce3abc0bccdc6ea6669c61ee6e\", \"53bb3833ea0364bc82c7e06348a15964\", \"4e4e928136aba1227e973a5c4c95b6c1\", \"bbd7d122c2c1825a6b5dd9f505159b25\", \"eadaff968ef17e393324ff71e44818d3\", \"671999e4ce5360e9990d418a68925819\"]"}}, {"model": "thumbnail.kvstore", "pk": "sorl-thumbnail||thumbnails||52d06bd6d9597c1c4ffd084a61da53b7", "fields": {"value": "[\"7935d4fd94cf6464b227528293bab084\"]"}}, {"model": "posts.group", "pk": 1, "fields": {"title": "\u041b\u0435\u0432 \u0422\u043e\u043b\u0441\u0442\u043e\u0439", "slug": "leo", "description": "\u0426\u0438\u0442\u0430\u0442\u044b \u041b\u044c\u0432\u0430 \u0422\u043e\u043b\u0441\u0442\u043e\u0433\u043e"}}, {"model": "posts.group", "pk": 2, "fields": {"title": "\u0410\u043b\u0435\u043a\u0441\u0430\u043d\u0434\u0440 \u041f\u0443\u0448\u043a\u0438\u043d", "slug": "push", "description": "\u0426\u0438\u0442\u0430\u0442\u044b \u0410\u043b\u0435\u043a\u0441\u0430\u043d\u0434\u0440\u0430 \u0421\u0435\u0440\u0433\u0435\u0435\u0432\u0438\u0447\u0430 \u041f\u0443\u0448\u043a\u0438\u043d\u0430"}}, {"model": "posts.group", "pk": 3, "fields": {"title": "\u041c\u0438\u0445\u0430\u0438\u043b \u041b\u0435\u0440\u043c\u043e\u043d\u0442\u043e\u0432", "slug": "ler", "description": "\u0426\u0438\u0442\u0430\u0442\u044b \u041c\u0438\u0445\u0430\u0438\u043b\u0430 \u041b\u0435\u0440\u043c\u043e\u043d\u0442\u043e\u0432\u0430"}}, {"model": "posts.group", "pk": 4, "fields": {"title": "\u0410\u0434\u043c\u0438\u043d\u0438\u0441\u0442\u0440\u0430\u0446\u0438\u044f", "slug": "adm", "description": ""}}, {"model": "auth.permission", "pk": 1, "fields": {"name": "Can add post", "content_type": 1, "codename": "add_post"}}, {"model": "auth.permission", "pk": 2, "fields": {"name": "Can change post", "content_type": 1, "codename": "change_post"}}, {"model": "auth.permission", "pk": 3, "fields": {"name": "Can delete post", "content_type": 1, "codename": "delete_post"}}, {"model": "auth.permission", "pk": 4, "fields": {"name": "Can view post", "content_type": 1, "codename": "view_post"}}, {"model": "auth.permission", "pk": 5, "fields": {"name": "Can add log entry", "content_type": 2, "codename": "add_logentry"}}, {"model": "auth.permission", "pk": 6, "fields": {"name": "Can change log entry", "content_type": 2, "codename": "change_logentry"}}, {"model": "auth.permission", "pk": 7, "fields": {"name": "Can delete log entry", "content_type": 2, "codename": "delete_logentry"}}, {"model": "auth.permission", "pk": 8, "fields": {"name": "Can view log entry", "content_type": 2, "codename": "view_logentry"}}, {"model": "auth.permission", "pk": 9, "fields": {"name": "Can add permission", "content_type": 3, "codename": "add_permission"}}, {"model": "auth.permission", "pk": 10, "fields": {"name": "Can change permission", "content_type": 3, "codename": "change_permission"}}, {"model": "auth.permission", "pk": 11, "fields": {"name": "Can delete permission", "content_type": 3, "codename": "delete_permission"}}, {"model": "auth.permission", "pk": 12, "fields": {"name": "Can view permission", "content_type": 3, "codename": "view_permission"}}, {"model": "auth.permission", "pk": 13, "fields": {"name": "Can add group", "content_type": 4, "codename": "add_group"}}, {"model": "auth.permission", "pk": 14, "fields": {"name": "Can change group", "content_type": 4, "codename": "change_group"}}, {"model": "auth.permission", "pk": 15, "fields": {"name": "Can delete group", "content_type": 4, "codename": "delete_group"}}, {"model": "auth.permission", "pk": 16, "fields": {"name": "Can view group", "content_type": 4, "codename": "view_group"}}, {"model": "auth.permission", "pk": 17, "fields": {"name": "Can add user", "content_type": 5, "codename": "add_user"}}, {"model": "auth.permission", "pk": 18, "fields": {"name": "Can change user", "content_type": 5, "codename": "change_user"}}, {"model": "auth.permission", "pk": 19, "fields": {"name": "Can delete user", "content_type": 5, "codename": "delete_user"}}, {"model": "auth.permission", "pk": 20, "fields": {"name": "Can view user", "content_type": 5, "codename": "view_user"}}, {"model": "auth.permission", "pk": 21, "fields": {"name": "Can add content type", "content_type": 6, "codename": "add_contenttype"}}, {"model": "auth.permission", "pk": 22, "fields": {"name": "Can change content type", "content_type": 6, "codename": "change_contenttype"}}, {"model": "auth.permission", "pk": 23, "fields": {"name": "Can delete content type", "content_type": 6, "codename": "delete_contenttype"}}, {"model": "auth.permission", "pk": 24, "fields": {"name": "Can view content type", "content_type": 6, "codename": "view_contenttype"}}, {"model": "auth.permission", "pk": 25, "fields": {"name": "Can add session", "content_type": 7, "codename": "add_session"}}, {"model": "auth.permission", "pk": 26, "fields": {"name": "Can change session", "content_type": 7, "codename": "change_session"}}, {"model": "auth.permission", "pk": 27, "fields": {"name": "Can delete session", "content_type": 7, "codename": "delete_session"}}, {"model": "auth.permission", "pk": 28, "fields": {"name": "Can view session", "content_type": 7, "codename": "view_session"}}, {"model": "auth.permission", "pk": 29, "fields": {"name": "Can add group", "content_type": 8, "codename": "add_group"}}, {"model": "auth.permission", "pk": 30, "fields": {"name": "Can change group", "content_type": 8, "codename": "change_group"}}, {"model": "auth.permission", "pk": 31, "fields": {"name": "Can delete group", "content_type": 8, "codename": "delete_group"}}, {"model": "auth.permission", "pk": 32, "fields": {"name": "Can view group", "content_type": 8, "codename": "view_group"}}, {"model": "auth.permission", "pk": 33, "fields": {"name": "Can add kv store", "content_type": 9, "codename": "add_kvstore"}}, {"model": "auth.permission", "pk": 34, "fields": {"name": "Can change kv store", "content_type": 9, "codename": "change_kvstore"}}, {"model": "auth.permission", "pk": 35, "fields": {"name": "Can delete kv store", "content_type": 9, "codename": "delete_kvstore"}}, {"model": "auth.permission", "pk": 36, "fields": {"name": "Can view kv store", "content_type": 9, "codename": "view_kvstore"}}, {"model": "auth.permission", "pk": 37, "fields": {"name": "Can add comment", "content_type": 10, "codename": "add_comment"}}, {"model": "auth.permission", "pk": 38, "fields": {"name": "Can change comment", "content_type": 10, "codename": "change_comment"}}, {"model": "auth.permission", "pk": 39, "fields": {"name": "Can delete comment", "content_type": 10, "codename": "delete_comment"}}, {"model": "auth.permission", "pk": 40, "fields": {"name": "Can view comment", "content_type": 10, "codename": "view_comment"}}, {"model": "auth.permission", "pk": 41, "fields": {"name": "Can add follow", "content_type": 11, "codename": "add_follow"}}, {"model": "auth.permission", "pk": 42, "fields": {"name": "Can change follow", "content_type": 11, "codename": "change_follow"}}, {"model": "auth.permission", "pk": 43, "fields": {"name": "Can delete follow", "content_type": 11, "codename": "delete_follow"}}, {"model": "auth.permission", "pk": 44, "fields": {"name": "Can view follow", "content_type": 11, "codename": "view_follow"}}, {"model": "auth.permission", "pk": 45, "fields": {"name": "Can add Token", "content_type": 12, "codename": "add_token"}}, {"model": "auth.permission", "pk": 46, "fields": {"name": "Can change Token", "content_type": 12, "codename": "change_token"}}, {"model": "auth.permission", "pk": 47, "fields": {"name": "Can delete Token", "content_type": 12, "codename": "delete_token"}}, {"model": "auth.permission", "pk": 48, "fields": {"name": "Can view Token", "content_type": 12, "codename": "view_token"}}, {"model": "auth.permission", "pk": 49, "fields": {"name": "Can add token", "content_type": 13, "codename": "add_tokenproxy"}}, {"model": "auth.permission", "pk": 50, "fields": {"name": "Can change token", "content_type": 13, "codename": "change_tokenproxy"}}, {"model": "auth.permission", "pk": 51, "fields": {"name": "Can delete token", "content_type": 13, "codename": "delete_tokenproxy"}}, {"model": "auth.permission", "pk": 52, "fields": {"name": "Can view token", "content_type": 13, "codename": "view_tokenproxy"}}, {"model": "auth.permission", "pk": 53, "fields": {"name": "Can add captcha store", "content_type": 14, "codename": "add_captchastore"}}, {"model": "auth.permission", "pk": 54, "fields": {"name": "Can change captcha store", "content_type": 14, "codename": "change_captchastore"}}, {"model": "auth.permission", "pk": 55, "fields": {"name": "Can delete captcha store", "content_type": 14, "codename": "delete_captchastore"}}, {"model": "auth.permission", "pk": 56, "fields": {"name": "Can view captcha store", "content_type": 14, "codename": "view_captchastore"}}, {"model": "auth.permission", "pk": 57, "fields": {"name": "Can add association", "content_type": 15, "codename": "add_association"}}, {"model": "auth.permission", "pk": 58, "fields": {"name": "Can change association", "content_type": 15, "codename": "change_association"}}, {"model": "auth.permission", "pk": 59, "fields": {"name": "Can delete association", "content_type": 15, "codename": "delete_association"}}, {"model": "auth.permission", "pk": 60, "fields": {"name": "Can view association", "content_type": 15, "codename": "view_association"}}, {"model": "auth.permission", "pk": 61, "fields": {"name": "Can add code", "content_type": 16, "codename": "add_code"}}, {"model": "auth.permission", "pk": 62, "fields": {"name": "Can change code", "content_type": 16, "codename": "change_code"}}, {"model": "auth.permission", "pk": 63, "fields": {"name": "Can delete code", "content_type": 16, "codename": "delete_code"}}, {"model": "auth.permission", "pk": 64, "fields": {"name": "Can view code", "content_type": 16, "codename": "view_code"}}, {"model": "auth.permission", "pk": 65, "fields": {"name": "Can add nonce", "content_type": 17, "codename": "add_nonce"}}, {"model": "auth.permission", "pk": 66, "fields": {"name": "Can change nonce", "content_type": 17, "codename": "change_nonce"}}, {"model": "auth.permission", "pk": 67, "fields": {"name": "Can delete nonce", "content_type": 17, "codename": "delete_nonce"}}, {"model": "auth.permission", "pk": 68, "fields": {"name": "Can view nonce", "content_type": 17, "codename": "view_nonce"}}, {"model": "auth.permission", "pk": 69, "fields": {"name": "Can add user social auth", "content_type": 18, "codename": "add_usersocialauth"}}, {"model": "auth.permission", "pk": 70, "fields": {"name": "Can change user social auth", "content_type": 18, "codename": "change_usersocialauth"}}, {"model": "auth.permission", "pk": 71, "fields": {"name": "Can delete user social auth", "content_type": 18, "codename": "delete_usersocialauth"}}, {"model": "auth.permission", "pk": 72, "fields": {"name": "Can view user social auth", "content_type": 18, "codename": "view_usersocialauth"}}, {"model": "auth.permission", "pk": 73, "fields": {"name": "Can add partial", "content_type": 19, "codename": "add_partial"}}, {"model": "auth.permission", "pk": 74, "fields": {"name": "Can change partial", "content_type": 19, "codename": "change_partial"}}, {"model": "auth.permission", "pk": 75, "fields": {"name": "Can delete partial", "content_type": 19, "codename": "delete_partial"}}, {"model": "auth.permission", "pk": 76, "fields": {"name": "Can view partial", "content_type": 19, "codename": "view_partial"}}, {"model": "auth.permission", "pk": 77, "fields": {"name": "Can add message", "content_type": 20, "codename": "add_message"}}, {"model": "auth.permission", "pk": 78, "fields": {"name": "Can change message", "content_type": 20, "codename": "change_message"}}, {"model": "auth.permission", "pk": 79, "fields": {"name": "Can delete message", "content_type": 20, "codename": "delete_message"}}, {"model": "auth.permission", "pk": 80, "fields": {"name": "Can view message", "content_type": 20, "codename": "view_message"}}, {"model": "auth.user", "pk": 2, "fields": {"password": "august", "last_login": null, "is_superuser": false, "username": "leo", "first_name": "\u041b\u0435\u0432", "last_name": "\u0422\u043e\u043b\u0441\u0442\u043e\u0439", "email": "ln@yasnaya.polyana", "is_staff": false, "is_active": true, "date_joined": "2019-10-05T21:37:36.487", "groups": [], "user_permissions": []}}, {"model": "auth.user", "pk": 3, "fields": {"password": "pbkdf2_sha256$150000$kgr6ZXiSA5DR$lXLhv/JE+IZGztgR8OQNltd/1vLTNf7Y6B/DRiJOMSM=", "last_login": "2021-06-08T22:35:01.637", "is_superuser": true, "username": "admin", "first_name": "", "last_name": "", "email": "", "is_staff": true, "is_active": true, "date_joined": "2021-05-18T19:32:05.350", "groups": [], "user_permissions": []}}, {"model": "auth.user", "pk": 4, "fields": {"password": "pbkdf2_sha256$150000$f3WGdLI8BnhL$Jk0ArL0ZvRxXhQgO1tx1fP7GJp4c2X+7mZAVPNphEHw=", "last_login": "2021-09-02T10:55:42.036", "is_superuser": false, "username": "kyifut", "first_name": "\u042e\u0440\u0438\u0439", "last_name": "\u042f\u043a\u043e\u0432\u043b\u0435\u0432", "email": "ura.yakovlev@yandex.ru", "is_staff": false, "is_active": true, "date_joined": "2021-06-12T14:00:48.709", "groups": [], "user_permissions": []}}, {"model": "auth.user", "pk": 5, "fields": {"password": "pbkdf2_sha256$150000$O4FxC9YUHoI3$vEQoWsypVI7qGvd4DUBB6gL/F6nJ1hmTGZE0tYUyxTw=", "last_login": "2021-06-13T15:07:52", "is_superuser": true, "username": "admin1", "first_name": "\u0412\u0430\u0441\u044f", "last_name": "\u041f\u0443\u043f\u043a\u0438\u043d", "email": "ya@admin.ru", "is_staff": true, "is_active": true, "date_joined": "2021-06-13T15:07:39", "groups": [], "user_permissions": []}}, {"model": "auth.user", "pk": 6, "fields": {"password": "pbkdf2_sha256$150000$IDSdHcin6rDf$HeerDy+7FHElMVgCrlFDKLQJl13r0nCl+J7GpyQCbLs=", "last_login": "2021-06-16T13:40:30.315", "is_superuser": false, "username": "ppp", "first_name": "\u042e", "last_name": "\u042f", "email": "kirsan.kyifut@gmail.com", "is_staff": false, "is_active": true, "date_joined": "2021-06-16T13:40:21.264", "groups": [], "user_permissions": []}}, {"model": "auth.user", "pk": 7, "fields": {"password": "!yzT1x68BpStbucrVbgBwTEhZi0QP5hx2PVnU2fJq", "last_login": null, "is_superuser": false, "username": "Name", "first_name": "", "last_name": "", "email": "", "is_staff": false, "is_active": true, "date_joined": "2021-06-21T15:36:01.989", "groups": [], "user_permissions": []}}, {"model": "auth.user", "pk": 8, "fields": {"password": "pbkdf2_sha256$150000$IAtFf4IAEFRU$IlnLpUjutsKeLY3PJG5tXVrMWr89FbHD9VQbUk6w3xI=", "last_login": "2021-07-07T22:02:24.839", "is_superuser": true, "username": "admin123", "first_name": "", "last_name": "", "email": "", "is_staff": true, "is_active": true, "date_joined": "2021-06-29T20:03:48.764", "groups": [], "user_permissions": []}}, {"model": "auth.user", "pk": 9, "fields": {"password": "pbkdf2_sha256$150000$rYV7h5uqskzq$1mSwR8GZbTxnxlr6qnGivTH8q3uMBXS7tWBXo7/noyg=", "last_login": "2021-09-02T10:52:59.338", "is_superuser": false, "username": "kyifut23", "first_name": "", "last_name": "", "email": "", "is_staff": false, "is_active": true, "date_joined": "2021-09-01T21:08:36.549", "groups": [], "user_permissions": []}}, {"model": "social_django.usersocialauth", "pk": 1, "fields": {"user": 4, "provider": "vk-oauth2", "uid": "50904911", "extra_data": "{\"auth_time\": 1630237818, \"id\": 50904911, \"expires\": 86399, \"access_token\": \"9a83e2e75be6ad2c114f7fede4aa7e83d8c9411371e66828ea9d93621bb138b5437b4638240d1dd2f05b8\", \"token_type\": null}", "created": "2021-08-29T14:42:13.164", "modified": "2021-08-29T14:50:18.778"}}, {"model": "posts.post", "pk": 2, "fields": {"text": "\u041d\u0430\u0447\u0438\u043d\u0430\u044e \u043d\u043e\u0432\u0443\u044e \u0442\u0435\u0442\u0440\u0430\u0434\u044c \u0434\u043d\u0435\u0432\u043d\u0438\u043a\u0430, \u043f\u043e\u0441\u043b\u0463 \u043f\u043e\u0447\u0442\u0438 \u043c\u0463\u0441\u044f\u0447\u043d\u0430\u0433\u043e \u043f\u0440\u043e\u043c\u0435\u0436\u0443\u0442\u043a\u0430, \u0432\u043e \u0432\u0440\u0435\u043c\u044f \u043a\u043e\u0442\u043e\u0440\u0430\u0433\u043e \u044f \u0442\u0430\u043a\u044a \u043c\u043d\u043e\u0433\u043e \u043f\u0435\u0440\u0435\u0438\u0441\u043f\u044b\u0442\u0430\u043b\u044a, \u043f\u0435\u0440\u0435\u0447\u0443\u0432\u0441\u0442\u0432\u043e\u0432\u0430\u043b\u044a, \u0447\u0442\u043e \u043c\u043d\u0463 \u043d\u0435 \u0431\u044b\u043b\u043e \u0432\u0440\u0435\u043c\u0435\u043d\u0438 \u0434\u0443\u043c\u0430\u0442\u044c \u0438 \u0435\u0449\u0435 \u043c\u0435\u043d\u044c\u0448\u0435 \u0437\u0430\u043f\u0438\u0441\u044b\u0432\u0430\u0442\u044c. \u2014 \u0421\u044a \u041a\u0430\u0432\u043a\u0430\u0437\u0430 \u044f \u043f\u0440\u0456\u0463\u0445\u0430\u043b\u044a \u0432\u044a \u0422\u0443\u043b\u0443, \u0432\u0438\u0434\u0463\u043b\u044a \u0442\u0435\u0442\u043e\u043a\u044a, \u0441\u0435\u0441\u0442\u0440\u0443, \u0412\u0430\u043b\u0435\u0440\u044c\u044f\u043d\u0430 \u0438 \u0443\u0437\u043d\u0430\u043b\u044a \u043e \u0441\u0432\u043e\u0435\u043c\u044a \u043f\u0440\u043e\u0438\u0437\u0432\u043e\u0434\u0441\u0442\u0432\u0463. \u0412\u0441\u0463 3 \u0431\u0440\u0430\u0442\u0430 \u0438 \u041f\u0435\u0440\u0444\u0438\u043b\u044c\u0435\u0432\u044b \u043f\u0440\u0456\u0463\u0445\u0430\u043b\u0438 \u043a\u043e \u043c\u043d\u0463 \u0438 \u0443\u0432\u0435\u0437\u043b\u0438 \u043c\u0435\u043d\u044f \u0432\u044a \u041c\u043e\u0441\u043a\u0432\u0443. \u0418\u0437\u044a \u041c\u043e\u0441\u043a\u0432\u044b \u044f \u043f\u0440\u043e\u0463\u0445\u0430\u043b\u044a \u0432\u044a \u041f\u043e\u043a\u0440\u043e\u0432\u0441\u043a\u043e\u0435, \u0442\u0430\u043c\u044a \u043f\u0440\u043e\u0441\u0442\u0438\u043b\u0441\u044f \u0441\u044a \u0442[\u0435\u0442\u0443\u0448\u043a\u043e\u0439] \u041f[\u0435\u043b\u0430\u0433\u0435\u0435\u0439] \u0418[\u043b\u044c\u0438\u043d\u0438\u0447\u043d\u043e\u0439], \u0412[\u0430\u043b\u0435\u0440\u044c\u044f\u043d\u043e\u043c\u044a], \u0441\u044a \u041c\u0430\u0448\u0435\u0439 \u0438 \u0421\u0435\u0440\u0435\u0436\u0435\u0439. \u042d\u0442\u0438 2 \u043f\u0440\u043e\u0449\u0430\u043d\u044c\u044f \u2014 \u043e\u0441\u043e\u0431\u0435\u043d\u043d\u043e \u043f\u043e\u0441\u043b\u0463\u0434\u043d\u0435\u0435 \u2014 \u0431\u044b\u043b\u0438 \u043e\u0434\u043d\u0438 \u0438\u0437\u044a \u0441\u0447\u0430\u0441\u0442\u043b\u0438\u0432\u0463\u0439\u0448\u0438\u0445\u044a \u043c\u0438\u043d\u0443\u0442\u044a \u0432\u044a \u043c\u043e\u0435\u0439 \u0436\u0438\u0437\u043d\u0438. \u041e\u0442\u0442\u0443\u0434\u0430 \u043f\u043e\u0463\u0445\u0430\u043b\u044a \u043a\u044a \u041c\u0438\u0442\u0438\u043d\u044c\u043a\u0463, \u043a\u043e\u0442\u043e\u0440\u044b\u0439 \u043f\u043e\u0447\u0442\u0438 \u043f\u043e \u043c\u043e\u0435\u043c\u0443 \u0441\u043e\u0432\u0463\u0442\u0443 \u0431\u0440\u043e\u0441\u0438\u043b\u044a \u041c\u043e\u0441\u043a\u0432\u0443, \u2014 \u0438 \u0447\u0435\u0440\u0435\u0437\u044a \u041f\u043e\u043b\u0442\u0430\u0432\u0443, \u041a\u0438\u0448\u0438\u043d\u0435\u0432\u044a \u0438 \u0442. \u0434. 3-\u0433\u043e \u0434\u043d\u044f \u043f\u0440\u0456\u0463\u0445\u0430\u043b\u044a \u0432\u044a \u0411\u0443\u043a\u0430\u0440\u0435\u0441\u0442\u044a. \u042f \u0431\u044b\u043b\u044a \u0441\u0447\u0430\u0441\u0442\u043b\u0438\u0432\u044a \u0432\u0441\u0435 \u044d\u0442\u043e \u0432\u0440\u0435\u043c\u044f!\n\n\u0421\u043b\u0443\u0436\u0435\u0431\u043d\u043e\u0435 \u043f\u043e\u043b\u043e\u0436\u0435\u043d\u0456\u0435 \u043c\u043e\u0435 \u0437\u0434\u0463\u0441\u044c \u043d\u0435\u043e\u043f\u0440\u0435\u0434\u0463\u043b\u0435\u043d\u043d\u043e \u0438 \u044f \u0443\u0436\u0435 \u0441\u044a \u043d\u0435\u0434\u0463\u043b\u044e \u0441\u043d\u043e\u0432\u0430 \u0441\u043e\u043c\u043d\u0438\u0442\u0435\u043b\u044c\u043d\u043e \u0431\u043e\u043b\u0463\u043d\u044a. \u2014 \u041d\u0435\u0443\u0436\u0435\u043b\u0438 \u0441\u043d\u043e\u0432\u0430 \u043d\u0430\u0447\u043d\u0435\u0442\u0441\u044f \u0434\u043b\u044f \u043c\u0435\u043d\u044f \u043f\u043e\u0440\u0430 \u0438\u0441\u043f\u044b\u0442\u0430\u043d\u0456\u0439?!\n\n\u0412\u043f\u0440\u043e\u0447\u0435\u043c\u044a \u044f \u0441\u0430\u043c\u044a \u0432\u0438\u043d\u043e\u0432\u0430\u0442\u044a, \u0441\u0447\u0430\u0441\u0442\u0456\u0435 \u0438\u0437\u0431\u0430\u043b\u043e\u0432\u0430\u043b\u043e \u043c\u0435\u043d\u044f: \u044f \u043e\u043f\u0443\u0441\u0442\u0438\u043b\u0441\u044f \u0438 \u0432\u043e \u043c\u043d\u043e\u0433\u043e\u043c\u044a \u0438\u043c\u0463\u044e \u0443\u043f\u0440\u0435\u043a\u043d\u0443\u0442\u044c \u0441\u0435\u0431\u044f \u0441\u043e \u0434\u043d\u044f \u0432\u044b\u0463\u0437\u0434\u0430 \u043c\u043e\u0435\u0433\u043e \u0438\u0437\u044a \u041a\u0443\u0440\u0441\u043a\u0430 \u0438 \u0434\u043e \u0441\u0435\u0439 \u043c\u0438\u043d\u0443\u0442\u044b. \u2014 \u0413\u0440\u0443\u0441\u0442\u043d\u043e \u0443\u0431\u0463\u0434\u0438\u0442\u044c\u0441\u044f, \u0447\u0442\u043e \u044f \u043d\u0435 \u0443\u043c\u0463\u043b\u044a \u043f\u0435\u0440\u0435\u043d\u043e\u0441\u0438\u0442\u044c \u0441\u0447\u0430\u0441\u0442\u0456\u044f \u0442\u0430\u043a\u0436\u0435, \u043a\u0430\u043a\u044a \u0438 \u043d\u0435 \u0443\u043c\u0463\u043b\u044a \u043f\u0435\u0440\u0435\u043d\u043e\u0441\u0438\u0442\u044c \u043d\u0435\u0441\u0447\u0430\u0441\u0442\u0456\u044f. \u041d\u044b\u043d\u0447\u0435 \u043f\u043e\u0439\u0434\u0443 \u043a\u044a \u043a\u043e\u043c\u0430\u043d\u0434\u0438\u0440\u0443 \u0414\u0438\u0432\u0438\u0437\u0456\u0438 \u0432\u044a \u043a\u043e\u0440\u043f\u0443\u0441\u043d\u043e\u0439 \u0428\u0442\u0430\u0431\u044a, \u0441\u0434\u0463\u043b\u0430\u044e \u043a\u043e\u0439 \u043a\u0430\u043a\u0456\u044f \u043f\u043e\u043a\u0443\u043f\u043a\u0438, \u043f\u043e\u0433\u0443\u043b\u044f\u044e, \u0438 \u043f\u0440\u0456\u0439\u0434\u0443 \u0434\u043e\u043c\u043e\u0439 \u043f\u0438\u0441\u0430\u0442\u044c \u043f\u0438\u0441\u044c\u043c\u0430 \u0438 \u043e\u0431\u0463\u0434\u0430\u0442\u044c. \u041f\u043e\u0441\u043b\u0463 \u043e\u0431\u0463\u0434\u0430 \u0437\u0430\u0439\u043c\u0443\u0441\u044c \u0447\u0463\u043c\u044a \u043d\u0438\u0431\u0443\u0434\u044c \u0438 \u043f\u0435\u0440\u0435\u0434\u044a \u0432\u0435\u0447\u0435\u0440\u043e\u043c\u044a \u043f\u043e\u0463\u0434\u0443 \u0432\u044a \u0431\u0430\u043d\u044e. \u0412\u0435\u0447\u0435\u0440\u044a \u043f\u0440\u043e\u0441\u0438\u0436\u0443 \u0434\u043e\u043c\u0430 \u0438 \u0437\u0430\u0439\u043c\u0443\u0441\u044c \u041e\u0442\u0440\u043e\u0447\u0435\u0441\u0442\u0432\u043e\u043c\u044a.", "pub_date": "1854-03-14T00:00:00", "author": 2, "group": null, "image": ""}}, {"model": "posts.post", "pk": 3, "fields": {"text": "\u0420\u043e\u0432\u043d\u043e 3 \u043c\u0463\u0441\u044f\u0446\u0430 \u043f\u0440\u043e\u043c\u0435\u0436\u0443\u0442\u043a\u0430. \u2014 3 \u043c\u0463\u0441\u044f\u0446\u0430 \u043f\u0440\u0430\u0437\u0434\u043d\u043e\u0441\u0442\u0438 \u0438 \u0436\u0438\u0437\u043d\u0438, \u043a\u043e\u0442\u043e\u0440\u043e\u0439 \u044f \u043d\u0435 \u043c\u043e\u0433\u0443 \u0431\u044b\u0442\u044c \u0434\u043e\u0432\u043e\u043b\u0435\u043d\u044a. \u2014 \u041d\u0435\u0434\u0463\u043b\u0438 \u0442\u0440\u0438 \u044f \u0431\u044b\u043b\u044a \u0443 \u0428\u0435\u0439\u0434\u0435\u043c\u0430\u043d\u0430 \u0438 \u0436\u0430\u043b\u0463\u044e, \u0447\u0442\u043e \u043d\u0435 \u043e\u0441\u0442\u0430\u043b\u0441\u044f. \u0421\u044a \u043e\u0444\u0438\u0446\u0435\u0440\u0430\u043c\u0438 \u0431\u044b \u044f \u043b\u0430\u0434\u0438\u043b\u044a, \u0438 \u0441\u044a \u0431\u0430\u0442\u0430\u0440[\u0435\u0439\u043d\u044b\u043c\u044a] \u043a\u043e\u043c\u0430\u043d\u0434[\u0438\u0440\u043e\u043c\u044a] \u0443\u043c\u0463\u043b\u044a \u0431\u044b \u0443\u0441\u0442\u0440\u043e\u0438\u0442\u044c\u0441\u044f. \u0417\u0430 \u0442\u043e \u0434\u0443\u0440\u043d\u043e\u0435 \u043e\u0431\u0449\u0435\u0441\u0442\u0432\u043e \u0438 \u0437\u0430\u0442\u0430\u0435\u043d\u043d\u0430\u044f \u0437\u043b\u043e\u0431\u0430 \u043e\u0442\u044a \u0441\u0432\u043e\u0435\u0433\u043e \u043d\u0435\u0431\u043b\u0435\u0441\u0442\u044f\u0449\u0430\u0433\u043e \u043f\u043e\u043b\u043e\u0436\u0435\u043d\u0456\u044f \u0445\u043e\u0440\u043e\u0448\u043e \u0431\u044b \u043f\u043e\u0434\u0463\u0439\u0441\u0442\u0432\u043e\u0432\u0430\u043b\u0438 \u043d\u0430 \u043c\u0435\u043d\u044f. \u042f \u0441\u0435\u0440\u0434\u0438\u043b\u0441\u044f \u0431\u044b, \u0441\u043a\u0443\u0447\u0430\u043b\u044a, \u0441\u0442\u0430\u0440\u0430\u043b\u0441\u044f \u0431\u044b \u043f\u043e\u0434\u043d\u044f\u0442\u044c\u0441\u044f \u043c\u043e\u0440\u0430\u043b\u044c\u043d\u043e \u043d\u0430\u0434\u044a \u0441\u0432\u043e\u0438\u043c\u044a \u043f\u043e\u043b\u043e\u0436\u0435\u043d\u0456\u0435\u043c\u044a \u0438 \u0441\u0442\u0430\u043b\u044a \u0431\u044b \u043b\u0443\u0447\u0448\u0435 \u2014 \u0440\u0430\u0431\u043e\u0442\u0430\u043b\u044a \u0431\u044b. \u2014 \u041e\u0442\u043a\u043e\u043c\u0430\u043d\u0434\u0438\u0440\u043e\u0432\u0430\u043d\u0456\u0435 \u043c\u0435\u043d\u044f \u0432\u044a \u0428\u0442\u0430\u0431\u044a \u043f\u0440\u0438\u0448\u043b\u043e \u0432\u044a \u0442\u043e \u0441\u0430\u043c\u043e\u0435 \u0432\u0440\u0435\u043c\u044f, \u043a\u043e\u0433\u0434\u0430 \u044f \u043f\u043e\u0441\u0441\u043e\u0440\u0438\u043b\u0441\u044f \u0441\u044a \u0431\u0430\u0442\u0430\u0440\u0435\u0439\u043d\u044b\u043c\u044a \u043a\u043e\u043c\u0430\u043d\u0434\u0438\u0440\u043e\u043c\u044a, \u0438 \u043f\u043e\u043b\u044c\u0441\u0442\u0438\u043b\u043e \u043c\u043e\u0435\u043c\u0443 \u0442\u0449\u0435\u0441\u043b\u0430\u0432\u0456\u044e. \u2014 \u0411\u043e\u043b\u0463\u0437\u043d\u044c \u043c\u043e\u044f, \u0432\u043e \u0432\u0440\u0435\u043c\u044f \u043a\u043e\u0442\u043e\u0440\u043e\u0439 \u044f \u043d\u0435 \u043c\u043e\u0433\u044a \u0434\u0430\u0436\u0435 \u0432\u0435\u0440\u043d\u0443\u0442\u044c\u0441\u044f \u043d\u0430 \u0441\u0442\u0430\u0440\u0443\u044e \u043a\u043e\u043b\u0435\u044e \u0437\u0430\u043d\u044f\u0442\u0456\u0439 \u0438 \u0447\u0435\u0441\u0442\u043d\u0430\u0433\u043e \u0442\u0440\u0443\u0434\u0430 \u0441\u044a \u043e\u0434\u043d\u043e\u0439 \u0446\u0463\u043b\u044c\u044e \u0434\u043e\u0431\u0440\u0430, \u2014 \u0434\u043e\u043a\u0430\u0437\u0430\u043b\u0430 \u043c\u043d\u0463, \u0434\u043e \u043a\u0430\u043a\u043e\u0439 \u0441\u0442\u0435\u043f\u0435\u043d\u0438 \u044f \u0438\u0441\u043f\u043e\u0440\u0442\u0438\u043b\u0441\u044f. \u0427\u0463\u043c\u044a \u0432\u044b\u0448\u0435 \u044f \u0441\u0442\u0430\u043d\u043e\u0432\u043b\u044e\u0441\u044c \u0432\u044a \u043e\u0431\u0449\u0435\u0441\u0442\u0432\u0435\u043d\u043d\u043e\u043c\u044a \u043c\u043d\u0463\u043d\u0456\u0438, \u0442\u0463\u043c\u044a \u043d\u0438\u0436\u0435 \u044f \u0441\u0442\u0430\u043d\u043e\u0432\u043b\u044e\u0441\u044c \u0432\u044a \u0441\u043e\u0431\u0441\u0442\u0432\u0435\u043d\u043d\u043e\u043c\u0443 \u042f \u0438\u043c\u0463\u043b\u044a \u043d\u0463\u0441\u043a\u043e\u043b\u044c\u043a\u043e \u0440\u0430\u0437\u044a \u0436\u0435\u043d\u0449\u0438\u043d\u044a, \u043b\u0433\u0430\u043b\u044a, \u0442\u0449\u0435\u0441\u043b\u0430\u0432\u0438\u043b\u0441\u044f \u0438, \u0447\u0442\u043e \u0432\u0441\u0435\u0433\u043e \u0443\u0436\u0430\u0441\u043d\u0463\u0435, \u043f\u043e\u0434\u044a \u043e\u0433\u043d\u0435\u043c\u044a \u0432\u0435\u043b\u044a \u0441\u0435\u0431\u044f \u043d\u0435 \u0442\u0430\u043a\u044a, \u043a\u0430\u043a\u044a \u043d\u0430\u0434\u0463\u044f\u043b\u0441\u044f \u043e\u0442\u044a \u0441\u0430\u043c\u0430\u0433\u043e \u0441\u0435\u0431\u044f.____\n\n\u041e\u0441\u0430\u0434\u0430 \u0421\u0438\u043b\u0438\u0441\u0442\u0440\u0456\u0438 \u0441\u043d\u044f\u0442\u0430, \u044f \u0435\u0449\u0435 \u043d\u0435 \u0431\u044b\u043b\u044a \u0432\u044a \u0434\u0463\u043b\u0463, \u043f\u043e\u043b\u043e\u0436\u0435\u043d\u0456\u0435 \u043c\u043e\u0435 \u0432\u044a \u043a\u0440\u0443\u0433\u0443 \u0442\u043e\u0432\u0430\u0440\u0438\u0449\u0435\u0439 \u0438 \u043d\u0430\u0447\u0430\u043b\u044c\u0441\u0442\u0432\u043e \u0445\u043e\u0440\u043e\u0448\u043e, \u043d\u0435\u0441\u043c\u043e\u0442\u0440\u044f \u043d\u0430 \u043e\u0441\u0442\u0430\u0442\u043e\u043a \u0431[.....] \u0438 \u0440\u0430\u043d\u043a\u0438, \u0437\u0434\u043e\u0440\u043e\u0432\u044c\u0435 \u043c\u043e\u0435 \u043f\u043e\u0440\u044f\u0434\u043e\u0447\u043d\u043e \u0438 \u0432\u044a \u043c\u043e\u0440\u0430\u043b\u044c\u043d\u043e\u043c\u044a \u043e\u0442\u043d\u043e\u0448\u0435\u043d\u0456\u0438 \u044f \u0442\u0432\u0435\u0440\u0434\u043e \u0440\u0463\u0448\u0438\u043b\u0441\u044f \u043f\u043e\u0441\u0432\u044f\u0442\u0438\u0442\u044c \u0441\u0432\u043e\u044e \u0436\u0438\u0437\u043d\u044c \u043f\u043e\u043b\u044c\u0437\u0463 \u0431\u043b\u0438\u0436\u043d\u044f\u0433\u043e. \u0412\u044a \u043f\u043e\u0441\u043b\u0463\u0434\u043d\u0456\u0439 \u0440\u0430\u0437\u044a \u0433\u043e\u0432\u043e\u0440\u044e \u0441\u0435\u0431\u0463:\n\u0415\u0436\u0435\u043b\u0438 \u043f\u0440\u043e\u0439\u0434\u0435\u0442\u044a 3 \u0434\u043d\u044f, \u0432\u043e \u0432\u0440\u0435\u043c\u044f \u043a\u043e\u0442\u043e\u0440\u044b\u0445\u044a \u044f \u043d\u0438\u0447\u0435\u0433\u043e \u043d\u0435 \u0441\u0434\u0463\u043b\u0430\u044e \u0434\u043b\u044f \u043f\u043e\u043b\u044c\u0437\u044b \u043b\u044e\u0434\u0435\u0439, \u044f \u0443\u0431\u044c\u044e \u0441\u0435\u0431\u044f. \u2014  \u041f\u043e\u043c\u043e\u0433\u0438 \u043c\u043d\u0463 \u0413\u043e\u0441\u043f\u043e\u0434\u0438._________\n\u0414\u043e \u043e\u0431\u0463\u0434\u0430 \u043f\u0438\u0448\u0443 \u043f\u0438\u0441\u044c\u043c\u0430: \u0421\u0435\u0440\u0435\u0436\u0463 \u0438 \u0442\u0435\u0442\u043a\u0430\u043c\u044a, \u0412\u043e\u043b\u043a\u043e\u043d\u0441\u043a\u043e\u0439, \u0435\u0436\u0435\u043b\u0438 \u0443\u0441\u043f\u0463\u044e. \u041f\u043e\u0441\u043b\u0463 \u043e\u0431\u0463\u0434\u0430 \u043f\u0440\u043e\u0434\u043e\u043b\u0436\u0430\u044e \u0437\u0430\u043f\u0438\u0441\u043a\u0438 \u0424\u0435\u0435\u0440\u0432\u0435\u0440\u043a\u0435\u0440\u0430. __________", "pub_date": "1854-06-15T00:00:00", "author": 2, "group": null, "image": ""}}, {"model": "posts.post", "pk": 4, "fields": {"text": "[\u0411\u0443\u0445\u0430\u0440\u0435\u0441\u0442.] \u0412\u043e \u0432\u0440\u0435\u043c\u044f \u043f\u0435\u0440\u0435\u0445\u043e\u0434\u0430 \u043e\u0442\u044a \u0421\u0438\u043b\u0438\u0441\u0442\u0440\u0456\u0438 \u043a\u044a \u041c\u0430\u044e \u044f \u0463\u0437\u0434\u0438\u043b\u044a \u0432\u044a \u0411\u0443\u043a\u0430\u0440\u0435\u0441\u0442\u044a. \u042f \u0438\u0433\u0440\u0430\u043b\u044a \u0438 \u043f\u0440\u0438\u043d\u0443\u0436\u0434\u0435\u043d\u044a \u0431\u044b\u043b\u044a \u0437\u0430\u043d\u0438\u043c\u0430\u0442\u044c \u0434\u0435\u043d\u044c\u0433\u0438. \u041f\u043e\u043b\u043e\u0436\u0435\u043d\u0456\u0435 \u0443\u043d\u0438\u0437\u0438\u0442\u0435\u043b\u044c\u043d\u043e\u0435 \u0434\u043b\u044f \u043a\u0430\u0436\u0434\u0430\u0433\u043e \u0438 \u0434\u043b\u044f \u043c\u0435\u043d\u044f \u0432\u044a \u043e\u0441\u043e\u0431\u0435\u043d\u043d\u043e\u0441\u0442\u0438. \u041d\u0430\u043f\u0438\u0441\u0430\u043b\u044a \u043f\u0438\u0441\u044c\u043c\u0430: \u0442\u0435\u0442\u0438\u043d\u044c\u043a\u0463, \u041c\u0438\u0442\u0463, \u041d\u0435\u043a\u0440\u0430\u0441\u043e\u0432\u0443 \u0438 \u041e\u0441\u044c\u043a\u0463. \u2014 \u0412\u0441\u0451 \u0435\u0449\u0435 \u043d\u0435 \u0437\u043d\u0430\u044e, \u0437\u0430 \u0447\u0442\u043e \u043f\u0440\u0438\u043d\u044f\u0442\u044c\u0441\u044f, \u0438 \u043f\u043e\u044d\u0442\u043e\u043c\u0443 \u043d\u0438\u0447\u0435\u0433\u043e \u043d\u0435 \u0434\u0463\u043b\u0430\u044e. \u041a\u0430\u0436\u0435\u0442\u0441\u044f, \u0447\u0442\u043e \u043b\u0443\u0447\u0448\u0435 \u0432\u0441\u0435\u0433\u043e \u0440\u0430\u0431\u043e\u0442\u0430\u0442\u044c \u0437\u0430 \u0440\u043e\u043c\u0430\u043d\u043e\u043c\u044a \u0420[\u0443\u0441\u0441\u043a\u0430\u0433\u043e] \u041f[\u043e\u043c\u0463\u0449\u0438\u043a\u0430].", "pub_date": "1854-06-23T00:00:00", "author": 2, "group": null, "image": ""}}, {"model": "posts.post", "pk": 5, "fields": {"text": "\u0421\u044a \u0443\u0442\u0440\u0430 \u0441\u0463\u043b\u044a \u0437\u0430 \u0440\u0430\u0431\u043e\u0442\u0443; \u043d\u043e \u043d\u0438\u0447\u0435\u0433\u043e \u043d\u0435 \u0441\u0434\u0463\u043b\u0430\u043b\u044a \u0438 \u0440\u0430\u0434\u044a \u0431\u044b\u043b\u044a, \u043a\u043e\u0433\u0434\u0430 \u043c\u043d\u0463 \u043f\u0440\u0438\u0448\u043e\u043b\u044a \u043f\u043e\u043c\u0463\u0448\u0430\u0442\u044c \u0413\u043e\u0440\u0447\u0430\u043a\u043e\u0432\u044a. \u041f\u043e\u0441\u043b\u0463 \u043e\u0431\u0463\u0434\u0430 \u0443 \u0413\u0435\u043d\u0435\u0440[\u0430\u043b\u0430] \u0447\u0438\u0442\u0430\u043b\u044a \u0411\u0435\u0440\u0430\u043d[\u0436\u0435], \u0463\u0437\u0434\u0438\u043b\u044a \u043a\u044a \u0414\u043e\u043a\u0442\u043e\u0440\u0443, \u043a\u043e\u0442\u043e\u0440\u044b\u0439 \u043e\u0431\u044a\u044f\u0432\u0438\u043b\u044a \u043c\u043d\u0463, \u0447\u0442\u043e \u043c\u043d\u0463 \u0434\u043e\u043b\u0436\u043d\u043e \u0434\u0463\u043b\u0430\u0442\u044c \u043e\u043f\u0435\u0440\u0430\u0446\u0456\u044e \u0438 \u043b\u0435\u0447\u0438\u0442\u044c\u0441\u044f \u043c\u0463\u0441\u044f\u0446\u0430 \u043f\u043e\u043b\u0442\u043e\u0440\u0430 \u0438 \u0431\u043e\u043b\u0442\u0430\u043b\u044a \u0434\u043e \u043d\u043e\u0447\u0438 \u0441\u044a \u0428\u0443\u0431\u0438\u043d\u044b\u043c\u044a \u043e \u043d\u0430\u0448\u0435\u043c\u044a \u0440\u0443\u0441\u0441\u043a\u043e\u043c\u044a \u0440\u0430\u0431\u0441\u0442\u0432\u0463. \u041f\u0440\u0430\u0432\u0434\u0430, \u0447\u0442\u043e \u0440\u0430\u0431\u0441\u0442\u0432\u043e \u0435\u0441\u0442\u044c \u0437\u043b\u043e, \u043d\u043e \u0437\u043b\u043e \u0447\u0440\u0435\u0437\u0432\u044b\u0447\u0430\u0439\u043d\u043e \u043c\u0438\u043b\u043e\u0435. __________", "pub_date": "1854-06-24T00:00:00", "author": 2, "group": null, "image": ""}}, {"model": "posts.post", "pk": 6, "fields": {"text": "\u0414\u0435\u043d\u044c \u043e\u0442\u043e \u0434\u043d\u044f \u043e\u0442\u043a\u043b\u0430\u0434\u044b\u0432\u0430\u043b\u044a \u043e\u043f\u0435\u0440\u0430\u0446\u0456\u044e, \u043e\u0436\u0438\u0434\u0430\u044f \u043f\u0435\u0440\u0435\u0445\u043e\u0434\u0430 \u0432\u044a \u0411\u0443\u043a\u0430\u0440\u0435\u0441\u0442\u044a; a \u0437\u0434\u0463\u0441\u044c \u043e\u0442\u043a\u043b\u0430\u0434\u044b\u0432\u0430\u043b\u044a, \u043e\u0436\u0438\u0434\u0430\u044f \u043a\u0432\u0430\u0440\u0442\u0438\u0440\u044b \u0438 \u0414\u043e\u043a\u0442\u043e\u0440\u0430. \u0412\u044a \u0416\u0443\u0440\u0436\u0463 \u0431\u044b\u043b\u0438 \u0434\u0463\u043b\u0430, \u0432\u044a \u043a\u043e\u0442[\u043e\u0440\u044b\u0445\u044a] \u0431\u044b \u044f \u043c\u043e\u0433\u044a \u0431\u044b\u0442\u044c, \u0435\u0436\u0435\u043b\u0438 \u0431\u044b \u0431\u044b\u043b\u044a \u0437\u0434\u043e\u0440\u043e\u0432\u044a. \u0414\u0435\u043d\u0435\u0433\u044a \u043d\u0463\u0442\u044a \u043d\u0438 \u0433\u0440\u043e\u0448\u0430 \u0438 \u044f \u0434\u043e\u043b\u0436\u0435\u043d\u044a. \u0412\u0430\u043b\u0435\u0440[\u044c\u044f\u043d\u044a] \u043f\u0438\u0448\u0435\u0442\u044a \u0432\u044a \u043f\u0438\u0441\u044c\u043c\u0463, \u043a\u043e\u0442[\u043e\u0440\u043e\u0435] \u044f \u043f\u043e\u043b\u0443\u0447\u0438\u043b\u044a \u0432\u0447\u0435\u0440\u0430, \u0447\u0442\u043e \u043d\u0438 \u043b\u043e\u0448\u0430\u0434\u0435\u0439, \u043d\u0438 \u0434\u0435\u043d\u0435\u0433\u044a \u043d\u0463\u0442\u044a. \u2014 \u041d\u0430\u043c\u0463\u0440\u0435\u043d\u044a \u043b\u0435\u0447\u0438\u0442\u044c\u0441\u044f \u0441\u0435\u0440\u044c\u0435\u0437\u043d\u043e. \u041c\u043d\u0463 \u0445\u043e\u0447\u0435\u0442\u0441\u044f \u043f\u043e\u0436\u0438\u0442\u044c \u0431\u0435\u0437\u0437\u0430\u0431\u043e\u0442\u043d\u043e \u0438 \u0432\u0435\u0441\u0435\u043b\u043e, \u043d\u0435 \u0437\u043d\u0430\u044e, \u0447\u0442\u043e \u0432\u044b\u0439\u0434\u0435\u0442\u044a \u0438\u0437\u044a \u044d\u0442\u0430\u0433\u043e \u0436\u0435\u043b\u0430\u043d\u0456\u044f.", "pub_date": "1854-06-29T00:00:00", "author": 2, "group": null, "image": ""}}, {"model": "posts.post", "pk": 7, "fields": {"text": "\u0421\u0435\u0433\u043e\u0434\u043d\u044f \u043c\u043d\u0463 \u0441\u0434\u0463\u043b\u0430\u043b\u0438 \u043e\u043f\u0435\u0440\u0430\u0446\u0456\u044e \u0441\u044a \u043a\u043b\u043e\u0440\u043e\u0444\u043e\u0440\u043c\u043e\u043c\u044a \u2014 \u044f \u0431\u044b\u043b\u044a \u043c\u0430\u043b\u043e\u0434\u0443\u0448\u0435\u043d\u044a. \u041d\u0438\u0447\u0435\u0433\u043e \u043d\u0435 \u0434\u0463\u043b\u0430\u043b\u044a \u043e\u0442\u044a \u043d\u0435\u0432\u043e\u0437\u043c\u043e\u0436\u043d\u043e\u0441\u0442\u0438. \u0415\u0441\u0442\u044c \u043d\u0430\u0434\u0435\u0436\u0434\u0430 \u0432\u044b\u0437\u0434\u043e\u0440\u043e\u0432\u0463\u0442\u044c. \u2014", "pub_date": "1854-06-30T00:00:00", "author": 2, "group": null, "image": ""}}, {"model": "posts.post", "pk": 8, "fields": {"text": "\u041d\u0430\u043f\u0438\u0441\u0430\u043b\u044a \u043f\u0438\u0441\u044c\u043c\u043e \u0412\u0430\u043b\u0435\u0440\u044c\u044f\u043d\u0443 \u0438 \u041e\u0433\u043e\u043b\u0438\u043d\u0443. \u0417\u0434\u043e\u0440\u043e\u0432\u044c\u0435 \u043d\u0438 \u043b\u0443\u0447\u0448\u0435, \u043d\u0438 \u0445\u0443\u0436\u0435, \u0436\u0438\u0432\u0443 \u043e\u0434\u0438\u043d\u044a, \u0447\u0438\u0442\u0430\u044e, \u043d\u043e \u0437\u0430 \u0440\u0430\u0431\u043e\u0442\u044b \u043d\u0435 \u043f\u0440\u0438\u043d\u0438\u043c\u0430\u044e\u0441\u044c, \u0445\u043e\u0442\u044f \u0417\u0430\u043f[\u0438\u0441\u043a\u0438] \u0424\u0435\u0435\u0440[\u0432\u0435\u0440\u043a\u0435\u0440\u0430] \u0441\u0438\u043b\u044c\u043d\u043e \u0438\u0441\u043a\u0443\u0448\u0430\u044e\u0442\u044a \u043c\u0435\u043d\u044f. ________", "pub_date": "1854-07-01T00:00:00", "author": 2, "group": null, "image": ""}}, {"model": "posts.post", "pk": 9, "fields": {"text": "\u0427\u0438\u0442\u0430\u043b\u044a Gilbert \u0438 Gilberte. \u0417\u0434\u043e\u0440\u043e\u0432\u044c\u0435 \u0432\u0441\u0435 statu quo.\n\n\u2014 \u0417\u0430\u043f[\u0438\u0441\u043a\u0438] \u0424\u0435\u0435\u0440[\u0432\u0435\u0440\u043a\u0435\u0440\u0430] \u0432\u0441\u0435 \u0431\u043e\u043b\u0463\u0435 \u0431\u043e\u043b\u0463\u0435 \u043e\u043f\u0440\u0435\u0434\u0463\u043b\u044f\u044e\u0442\u0441\u044f, \u043d\u044b\u043d\u0447\u0435, 3-\u0433\u043e \u0406[\u044e\u043b\u044f], \u043a\u0430\u0436\u0435\u0442\u0441\u044f, \u0437\u0430\u0439\u043c\u0443\u0441\u044c.", "pub_date": "1854-07-02T00:00:00", "author": 2, "group": null, "image": ""}}, {"model": "posts.post", "pk": 10, "fields": {"text": "\u0426\u0463\u043b\u044b\u0439 \u0434\u0435\u043d\u044c \u0447\u0438\u0442\u0430\u043b\u044a, \u0440\u0430\u0431\u043e\u0442\u0430 \u043d\u0438\u043a\u0430\u043a\u044a \u043d\u0435 \u0445\u043e\u0447\u0435\u0442\u044a \u0438\u0434\u0442\u0438. \u0412\u0435\u0447\u0435\u0440\u043e\u043c\u044a \u0431\u043e\u043b\u0442\u0430\u043b\u044a \u0441\u044a \u041f\u0440\u0443\u0448[\u0438\u043d\u0441\u043a\u0438\u043c\u044a?], \u041e\u043b\u0445[\u0438\u043d\u044b\u043c\u044a] \u0438 \u0410\u043d\u0442\u0440\u043e\u043f[\u043e\u0432\u044b\u043c\u044a]. \u041f\u0440\u043e\u0438\u0433\u0440\u0430\u043b\u044a \u0433\u043b\u0443\u043f\u043e \u041f\u0440\u0443\u0448[\u0438\u043d\u0441\u043a\u043e\u043c\u0443] porte-feuille \u041f\u043e\u043b\u0438\u043d\u044c\u043a\u0438\u043d\u044a \u0438 \u043d\u0435\u0441\u043c\u043e\u0442\u0440\u044f \u043d\u0430 \u0435\u0433\u043e \u043e\u0442\u0433\u043e\u0432\u043e\u0440\u043a\u0438 \u043e\u0442 \u0434\u0430\u043b\u044a \u0435\u043c\u0443. \u041d\u0435\u0432\u043e\u043b\u044c\u043d\u043e, \u043a\u0430\u043a\u044a \u0442\u043e\u043b\u044c\u043a\u043e \u044f \u043e\u0441\u0442\u0430\u044e\u0441\u044c \u043e\u0434\u0438\u043d\u044a \u0438 \u043e\u0431\u0434\u0443\u043c\u044b\u0432\u0430\u044e \u0441\u0430\u043c\u0430\u0433\u043e \u0441\u0435\u0431\u044f, \u044f \u0432\u043e\u0437\u0432\u0440\u0430\u0449\u0430\u044e\u0441\u044c \u043a\u044a \u043f\u0440\u0435\u0436\u043d\u0435\u0439 \u043c\u044b\u0441\u043b\u0438 \u2014 \u043c\u044b\u0441\u043b\u0438 \u043e\u0431\u044a \u0443\u0441\u043e\u0432\u0435\u0440\u0448\u0435\u043d\u0441\u0442\u0432\u043e\u0432\u0430\u043d\u0456\u0438; \u043d\u043e \u0433\u043b\u0430\u0432\u043d\u0430\u044f \u043c\u043e\u044f \u043e\u0448\u0438\u0431\u043a\u0430 \u2014 \u043f\u0440\u0438\u0447\u0438\u043d\u0430, \u043f\u043e \u043a\u043e\u0442\u043e\u0440\u043e\u0439 \u044f \u043d\u0435 \u043c\u043e\u0433\u044a \u0441\u043f\u043e\u043a\u043e\u0439\u043d\u043e \u0438\u0434\u0442\u0438 \u043f\u043e \u044d\u0442\u043e\u0439 \u0434\u043e\u0440\u043e\u0433\u0463 \u2014 \u0442\u0430, \u0447\u0442\u043e \u044f \u0443\u0441\u043e\u0432\u0435\u0440\u0448\u0435\u043d\u0441\u0442\u0432\u043e\u0432\u0430\u043d\u0456\u0435 \u0441\u043c\u0463\u0448\u0438\u0432\u0430\u043b\u044a \u0441\u044a \u0441\u043e\u0432\u0435\u0440\u0448\u0435\u043d\u0441\u0442\u0432\u043e\u043c\u044a. \u041d\u0430\u0434\u043e \u043f\u0440\u0435\u0436\u0434\u0435 \u043f\u043e\u043d\u044f\u0442\u044c \u0445\u043e\u0440\u043e\u0448\u0435\u043d\u044c\u043a\u043e \u0441\u0435\u0431\u044f \u0438 \u0441\u0432\u043e\u0438 \u043d\u0435\u0434\u043e\u0441\u0442\u0430\u0442\u043a\u0438 \u0438 \u0441\u0442\u0430\u0440\u0430\u0442\u044c\u0441\u044f \u0438\u0441\u043f\u0440\u0430\u0432\u043b\u044f\u0442\u044c \u0438\u0445\u044a, \u0430 \u043d\u0435 \u0434\u0430\u0432\u0430\u0442\u044c \u0441\u0435\u0431\u0463 \u0437\u0430\u0434\u0430\u0447\u0435\u0439 \u2014 \u0441\u043e\u0432\u0435\u0440\u0448\u0435\u043d\u0441\u0442\u0432\u043e, \u043a\u043e\u0442\u043e\u0440\u0430\u0433\u043e \u043d\u0435 \u0442\u043e\u043b\u044c\u043a\u043e \u043d\u0435\u0432\u043e\u0437\u043c\u043e\u0436\u043d\u043e \u0434\u043e\u0441\u0442\u0438\u0433\u043d\u0443\u0442\u044c \u0441\u044a \u0442\u043e\u0439 \u043d\u0438\u0437\u043a\u043e\u0439 \u0442\u043e\u0447\u043a\u0438, \u043d\u0430 \u043a\u043e\u0442\u043e\u0440\u043e\u0439 \u044f \u0441\u0442\u043e\u044e, \u043d\u043e \u043f\u0440\u0438 \u043f\u043e\u043d\u0438\u043c\u0430\u043d\u0456\u0438 \u043a\u043e\u0442\u043e\u0440\u0430\u0433\u043e \u043f\u0440\u043e\u043f\u0430\u0434\u0430\u0435\u0442\u044a \u043d\u0430\u0434\u0435\u0436\u0434\u0430 \u043d\u0430 \u0432\u043e\u0437\u043c\u043e\u0436\u043d\u043e\u0441\u0442\u044c \u0434\u043e\u0441\u0442\u0438\u0436\u0435\u043d\u0456\u044f. \u0422\u043e\u0436\u0435, \u0447\u0442\u043e \u0431\u044b\u043b\u043e \u0441\u043e \u043c\u043d\u043e\u0439 \u0432\u044a \u0445\u043e\u0437\u044f\u0439\u0441\u0442\u0432\u0463, \u0432\u044a\u0443\u0447\u0435\u043d\u044c\u0438, \u0432\u044a \u043b\u0438\u0442\u0435\u0440\u0430\u0442\u0443\u0440\u0463, \u0432\u044a \u0436\u0438\u0437\u043d\u0438. \u2014 \u0412\u044a \u0445\u043e\u0437\u044f\u0439\u0441\u0442\u0432\u0463 \u044f \u0445\u043e\u0442\u0463\u043b\u044a \u0434\u043e\u0441\u0442\u0438\u0433\u043d\u0443\u0442\u044c \u0441\u043e\u0432\u0435\u0440\u0448\u0435\u043d\u0441\u0442\u0432\u0430 \u0438 \u0437\u0430\u0431\u044b\u0432\u0430\u043b\u044a, \u0447\u0442\u043e \u043f\u0440\u0435\u0436\u0434\u0435 \u043d\u0443\u0436\u043d\u043e \u0431\u044b\u043b\u043e \u0438\u0441\u043f\u0440\u0430\u0432\u0438\u0442\u044c \u043d\u0435\u0441\u043e\u0432\u0435\u0440\u0448\u0435\u043d\u0441\u0442\u0432\u0430, \u043a\u043e\u0442\u043e\u0440\u044b\u0445\u044a \u0441\u043b\u0438\u0448\u043a\u043e\u043c\u044a \u043c\u043d\u043e\u0433\u043e, \u0445\u043e\u0442\u0463\u043b\u044a \u043f\u0440\u0430\u0432\u0438\u043b\u044c\u043d\u0430\u0433\u043e \u0440\u0430\u0437\u0434\u0463\u043b\u0435\u043d\u0456\u044f \u043f\u043e\u043b\u0435\u0439, \u043a\u043e\u0433\u0434\u0430 \u043c\u043d\u0463 \u043d\u0435\u0447\u0463\u043c\u044a \u0431\u044b\u043b\u043e \u0438\u0445\u044a \u0443\u0434\u0430\u0431\u0440\u0438\u0432\u0430\u0442\u044c \u0438 \u0441\u0463\u044f\u0442\u044c. \u2014\n\n\u041d\u0443\u0436\u043d\u043e \u0432\u0437\u044f\u0442\u044c \u0441\u0435\u0431\u044f \u0442\u0430\u043a\u0438\u043c\u044a, \u043a\u0430\u043a\u0438\u043c\u044a \u0435\u0441\u0442\u044c, \u0438 \u0438\u0441\u043f\u0440\u0430\u0432\u0438\u043c\u044b\u0435 \u043d\u0435\u0434\u043e\u0441\u0442\u0430\u0442\u043a\u0438 \u0441\u0442\u0430\u0440\u0430\u0442\u044c\u0441\u044f \u0438\u0441\u043f\u0440\u0430\u0432\u0438\u0442\u044c, \u0445\u043e\u0440\u043e\u0448\u0430\u044f \u0436\u0435 \u043d\u0430\u0442\u0443\u0440\u0430 \u043f\u043e\u0432\u0435\u0434\u0435\u0442\u044a \u043c\u0435\u043d\u044f \u043a\u044a \u0434\u043e\u0431\u0440\u0443 \u0431\u0435\u0437\u044a \u043a\u043d\u0438\u0436\u043a\u0438, \u043a\u043e\u0442\u043e\u0440\u0430\u044f \u0441\u0442\u043e\u043b\u044c\u043a\u043e \u0432\u0440\u0435\u043c\u0435\u043d\u0438 \u0431\u044b\u043b\u0430 \u043c\u043e\u0438\u043c\u044a \u043a\u043e\u0448\u043c\u0430\u0440\u043e\u043c\u044a. \u2014 \u042f \u043e\u0434\u0438\u043d\u044a \u0438\u0437\u044a \u0442\u0463\u0445\u044a \u0445\u0430\u0440\u0430\u043a\u0442\u0435\u0440\u043e\u0432\u044a, \u043a\u043e\u0442\u043e\u0440\u044b\u0435, \u0436\u0435\u043b\u0430\u044f, \u043e\u0442\u044a\u0438\u0441\u043a\u0438\u0432\u0430\u044f \u0438 \u0433\u043e\u0442\u043e\u0432\u044b\u0435 \u043d\u0430 \u0432\u0441\u0435 \u043f\u0440\u0435\u043a\u0440\u0430\u0441\u043d\u043e\u0435, \u043d\u0435\u0441\u043f\u043e\u0441\u043e\u0431\u043d\u044b \u0438\u043c\u0435\u043d\u043d\u043e \u043f\u043e \u044d\u0442\u043e\u043c\u0443 \u043a\u044a \u043f\u043e\u0441\u0442\u043e\u044f\u043d\u043d\u043e-\u0445\u043e\u0440\u043e\u0448\u0435\u043c\u0443.", "pub_date": "1854-07-03T00:00:00", "author": 2, "group": null, "image": ""}}, {"model": "posts.post", "pk": 11, "fields": {"text": "\u0413\u043b\u0430\u0432\u043d\u044b\u0435 \u043c\u043e\u0438 \u043d\u0435\u0434\u043e\u0441\u0442\u0430\u0442\u043a\u0438. 1) \u041d\u0435\u043e\u0441\u043d\u043e\u0432\u0430\u0442\u0435\u043b\u044c\u043d\u043e\u0441\u0442\u044c (\u043f\u043e\u0434\u044a \u044d\u0442\u0438\u043c\u044a \u044f \u0440\u0430\u0437\u0443\u043c\u0463\u044e: \u043d\u0435\u0440\u0463\u0448\u0438\u0442\u0435\u043b\u044c\u043d\u043e\u0441\u0442\u044c, \u043d\u0435\u043f\u043e\u0441\u0442\u043e\u044f\u043d\u0441\u0442\u0432\u043e \u0438 \u043d\u0435\u043f\u043e\u0441\u043b\u0463\u0434\u043e\u0432\u0430\u0442\u0435\u043b\u044c\u043d\u043e\u0441\u0442\u044c. 2) \u041d\u0435\u043f\u0440\u0456\u044f\u0442\u043d\u044b\u0439 \u0442\u044f\u0436\u0435\u043b\u044b\u0439 \u0445\u0430\u0440\u0430\u043a\u0442\u0435\u0440\u044a, \u0440\u0430\u0437\u0434\u0440\u0430\u0436\u0438\u0442\u0435\u043b\u044c\u043d\u043e\u0441\u0442\u044c, \u0438\u0437\u043b\u0438\u0448\u043d\u0435\u0435 \u0441\u0430\u043c\u043e\u043b\u044e\u0431\u0456\u0435, \u0442\u0449\u0435\u0441\u043b\u0430\u0432\u0456\u0435. 3) \u041f\u0440\u0438\u0432\u044b\u0447\u043a\u0430 \u043a\u044a \u043f\u0440\u0430\u0437\u0434\u043d\u043e\u0441\u0442\u0438. \u2014 \u0411\u0443\u0434\u0443 \u0441\u0442\u0430\u0440\u0430\u0442\u044c\u0441\u044f \u043f\u043e\u0441\u0442\u043e\u044f\u043d\u043d\u043e \u043d\u0430\u0431\u043b\u044e\u0434\u0430\u0442\u044c \u0437\u0430 \u044d\u0442\u0438\u043c\u0438 3 \u043e\u0441\u043d\u043e\u0432\u043d\u044b\u043c\u0438 \u043f\u043e\u0440\u043e\u043a\u0430\u043c\u0438 \u0438 \u0437\u0430\u043f\u0438\u0441\u044b\u0432\u0430\u0442\u044c \u0432\u0441\u044f\u043a\u0456\u0439 \u0440\u0430\u0437\u044a, \u0447\u0442\u043e \u0431\u0443\u0434\u0443 \u0432\u043f\u0430\u0434\u0430\u0442\u044c \u0432\u044a \u043d\u0438\u0445\u044a. \u2014 \u0423\u0436\u0435 \u043d\u044b\u043d\u0447\u0435 \u044f \u0441\u043f\u043e\u0440\u0438\u043b\u044a \u0441\u044a \u0410\u043d\u0442\u0440\u043e\u043f\u043e\u0432[\u044b\u043c\u044a] \u043e \u0442\u043e\u043c\u044a, \u0434\u043e\u043b\u0436\u043d\u043e \u043b\u0438 \u0438\u043b\u0438 \u043d\u0463\u0442\u044a \u0435\u043c\u0443 \u0463\u0445\u0430\u0442\u044c \u0432\u044a \u0416\u0443\u0440\u0436\u0443, \u0441\u044a \u0440\u0430\u0437\u0434\u0440\u0430\u0436[\u0438\u0442\u0435\u043b\u044c\u043d\u043e\u0441\u0442\u044c\u044e] \u0438 \u0438\u0437\u043b\u0438\u0448\u043d\u0438\u043c\u044a \u0441\u0430\u043c\u043e\u043b\u044e\u0431\u0456\u0435\u043c\u044a. \u2014\n\n\u042f \u043e\u0431\u0463\u0434\u0430\u043b\u044a \u0434\u043e\u043c\u0430 \u0434\u043e\u0432\u043e\u043b\u044c\u043d\u043e \u0441\u043f\u043e\u043a\u043e\u0439\u043d\u043e, \u0445\u043e\u0440\u043e\u0448\u043e \u0438 \u0434\u0435\u0448\u0435\u0432\u043e. \u0411\u0430\u0440\u0442\u043e\u043b\u043e\u043c\u0435\u0439 \u043e\u0431\u0463\u0449\u0430\u043b\u044a \u0431\u044b\u043b\u043e \u0447\u0438\u0442\u0430\u0442\u044c \u0441\u043e \u043c\u043d\u043e\u0439 Pictures from Italy, \u043d\u043e \u0431\u0463\u0434\u043d\u044f\u0436\u043a\u0430 \u043d\u0430\u0448\u0435\u043b\u044a, \u0447\u0442\u043e \u044d\u0442\u043e \u0441\u043b\u044b\u0448\u043a\u043e\u043c\u044a \u0441\u043a\u0443\u0447\u043d\u043e, \u0438 \u043f\u043e\u044d\u0442\u043e\u043c\u0443 \u043c\u044b \u0441\u043e\u0447\u043b\u0438 \u0437\u0430 \u043b\u0443\u0447\u0448\u0435\u0435 \u0431\u043e\u043b\u0442\u0430\u0442\u044c \u0441\u044a \u043d\u0438\u043c\u044a \u0434\u043e \u043f\u043e\u0437\u0434\u043d\u044f\u0433\u043e \u0432\u0435\u0447\u0435\u0440\u0430. \u2014 \u041e\u043d\u044a, \u043a\u0430\u0436\u0435\u0442\u0441\u044f, \u0434\u043e\u0431\u0440\u044b\u0439 \u0438 \u0441\u044a \u0445\u043e\u0440\u043e\u0448\u0438\u043c\u044a \u043d\u0430\u043f\u0440\u0430\u0432\u043b\u0435\u043d\u0456\u0435\u043c\u044a \u043c\u0430\u043b\u044c\u0447\u0438\u043a\u044a; \u043d\u043e \u043c\u043e\u043b\u043e\u0434\u044a.....\n\n\u0417\u0434\u043e\u0440\u043e\u0432\u044c\u0435 \u043c\u043e\u0435 \u043a\u0430\u043a\u044a \u0431\u0443\u0434\u0442\u043e \u043b\u0443\u0447\u0448\u0435, \u043d\u043e \u0431\u043e\u044e\u0441\u044c \u0435\u0449\u0435 \u0432\u0463\u0440\u0438\u0442\u044c. \u2014 \u0411\u044b\u043b\u044a \u043d\u0435\u043e\u0441\u043d\u043e\u0432\u0430\u0442[\u0435\u043b\u0435\u043d\u044a] \u0441\u044a \u041d\u043e\u0432\u0435\u0440\u0435\u0436\u0441\u043a\u0438\u043c\u044a, \u043d\u0435 \u043a\u043e\u043d\u0447\u0438\u0432\u044a \u0434\u0463\u043b\u0430 \u043e \u0440\u0430\u043f\u043e\u0440\u0442\u0463; \u0440\u0430\u0437\u0434\u0440\u0430\u0436\u0438\u0442\u0435\u043b\u0435\u043d\u044a \u0441\u044a \u0410\u043d\u0442\u0440\u043e\u043f\u043e\u0432\u044b\u043c\u044a \u0438 \u2014 \u0443\u0432\u044b \u2014 \u043e\u043f\u044f\u0442\u044c \u043b\u0463\u043d\u0438\u043b\u0441\u044f, \u043d\u0438\u0447\u0435\u0433\u043e \u043d\u0435 \u0441\u0434\u0463\u043b\u0430\u043b\u044a, \u043a\u0440\u043e\u043c\u0463 \u044d\u0442\u043e\u0439 \u0441\u0442\u0440\u0430\u043d\u0438\u0446\u044b \u0434\u043d\u0435\u0432\u043d\u0438\u043a\u0430. \u041f\u043e\u043b\u0443\u0447\u0438\u043b\u044a \u043f\u0438\u0441\u044c\u043c\u043e \u043e\u0442\u044a \u0442\u0435\u0442\u043a\u0438 \u0438 \u041c\u0438\u0442\u0438\u043d\u044c\u043a\u0438, \u043d\u0430 \u043a\u043e\u0442\u043e\u0440\u043e\u0435 \u0437\u0430\u0432\u0442\u0440\u0430 \u043d\u0430\u0434\u043e \u0431\u0443\u0434\u0435\u0442\u044a \u043e\u0442\u0432\u0463\u0442\u0438\u0442\u044c. (3)", "pub_date": "1854-07-04T00:00:00", "author": 2, "group": null, "image": ""}}, {"model": "posts.post", "pk": 12, "fields": {"text": "\u0427\u0438\u0442\u0430\u043b\u044a \u0432\u043e \u0432\u0440\u0435\u043c\u044f \u0447\u0430\u044e, \u043e\u0431\u0463\u0434\u0430 \u0438 \u0434\u0435\u0441\u0435\u0440\u0442\u0430, \u0443\u0442\u0440\u043e \u0436\u0435 \u0432\u0441\u0435 \u043f\u0438\u0441\u0430\u043b\u044a \u043e\u0434\u043d\u043e \u043f\u0438\u0441\u044c\u043c\u043e \u0442\u0435\u0442\u0438\u043d\u044c\u043a\u0463, \u043a\u043e\u0442\u043e\u0440\u043e\u0435 \u043f\u043e\u0448\u043b\u044e, \u043d\u0435\u0441\u043c\u043e\u0442\u0440\u044f \u043d\u0430 \u0442\u043e, \u0447\u0442\u043e \u0444\u0440\u0430\u043d\u0446\u0443\u0437\u0441\u043a\u0456\u0439 \u0441\u043b\u043e\u0433\u044a \u0435\u0433\u043e \u043c\u043d\u0463 \u043e\u0447\u0435\u043d\u044c \u043d\u0435 \u043d\u0440\u0430\u0432\u0438\u0442\u0441\u044f. \u2014 \u041c\u0438\u0463 \u0441\u043e \u0434\u043d\u044f \u043d\u0430 \u0434\u0435\u043d\u044c \u0441\u0442\u0430\u043d\u043e\u0432\u0438\u0442\u0441\u044f \u0442\u0440\u0443\u0434\u043d\u0463\u0435 \u043e\u0431\u044a\u044f\u0441\u043d\u044f\u0442\u044c\u0441\u044f \u0438 \u043f\u0438\u0441\u0430\u0442\u044c \u043f\u043e \u0444\u0440\u0430\u043d\u0446\u0443\u0437\u0441\u043a\u0438, \u043d\u0430\u0434\u043e \u0436\u0435 \u044d\u0442\u0443 \u0433\u043b\u0443\u043f\u0443\u044e \u043c\u0430\u043d\u0435\u0440\u0443 \u043f\u0438\u0441\u0430\u0442\u044c \u0438 \u0433\u043e\u0432\u043e\u0440\u0438\u0442\u044c \u043d\u0430 \u044f\u0437\u044b\u043a\u0463, \u043a\u043e\u0442\u043e\u0440\u044b\u0439 \u043f\u043b\u043e\u0445\u043e \u0437\u043d\u0430\u0435\u0448\u044c! \u2014 \u0410 \u0441\u043a\u043e\u043b\u044c\u043a\u043e \u0445\u043b\u043e\u043f\u043e\u0442\u044a, \u043f\u043e\u0442\u0435\u0440\u044f\u043d\u043d\u0430\u0433\u043e \u0432\u0440\u0435\u043c\u0435\u043d\u0438, \u043d\u0435\u044f\u0441\u043d\u043e\u0441\u0442\u0438 \u0432\u044a \u043c\u044b\u0441\u043b\u044f\u0445\u044a \u0438 \u043d\u0435\u0447\u0438\u0441\u0442\u043e\u0442\u044b \u0432\u044a \u043f\u0440\u0438\u0440\u043e\u0434\u043d\u043e\u043c\u044a \u044f\u0437\u044b\u043a\u0463 \u0438\u0437\u044a \u0437\u0430 \u044d\u0442\u043e\u0439 \u043c\u0430\u043d\u0435\u0440\u044b, \u0430 \u043d\u0435\u043e\u0431\u0445\u043e\u0434\u0438\u043c\u043e!\n\n\u0412\u0435\u0447\u0435\u0440\u043e\u043c\u044a \u043d\u0430\u043f\u0438\u0441\u0430\u043b\u044a \u0441\u044a \u0433\u043b\u0430\u0432\u0443 \u0417\u0430\u043f[\u0438\u0441\u043e\u043a\u044a] \u0424\u0435\u0435\u0440\u0432[\u0435\u0440\u043a\u0435\u0440\u0430] \u0441\u044a \u0443\u0432\u043b\u0435\u0447\u0435\u043d\u0456\u0435\u043c\u044a \u0438 \u043f\u043e\u0440\u044f\u0434\u043e\u0447\u043d\u043e. \u041e\u043b\u0445\u0438\u043d\u044a 2 \u0440\u0430\u0437\u0430 \u0431\u044b\u043b\u044a \u0443 \u043c\u0435\u043d\u044f, \u0447\u0435\u0433\u043e \u043c\u043d\u0463 \u0441\u043e\u0432\u0435\u0440\u0448\u0435\u043d\u043d\u043e \u043d\u0435\u043d\u0443\u0436\u043d\u043e \u0437\u0430\u043f\u0438\u0441\u044b\u0432\u0430\u0442\u044c, \u043f\u043e\u0442\u043e\u043c\u0443 \u0447\u0442\u043e \u0447\u0443\u0434\u0435\u0441\u043d\u044b\u044f \u0432\u044b\u0440\u0430\u0436\u0435\u043d\u0456\u044f \u0433\u043b\u0443\u043f\u043e\u0441\u0442\u0438, \u043a\u043e\u0442\u043e\u0440\u044b\u044f \u0432\u044b\u0440\u044b\u0432\u0430\u043b\u0438\u0441\u044c \u0443 \u043d\u0435\u0433\u043e, \u044f \u043d\u0435 \u0437\u0430\u043f\u043e\u043c\u043d\u044e \u043e\u0442\u0442\u043e\u0433\u043e, \u0447\u0442\u043e \u0437\u0430\u043f\u0438\u0448\u0443 \u0438\u0445\u044a. \u2014 \u041f\u043e\u0463\u043b\u044a \u0444\u0440\u0443\u043a\u0442\u043e\u0432\u044a, \u043d\u0435\u0441\u043c\u043e\u0442\u0440\u044f \u043d\u0430 \u043f\u043e\u043d\u043e\u0441\u044a, \u0438 \u043f\u043e\u0440\u0443\u0447\u0438\u043b\u044a \u041e\u043b\u0445\u0438\u043d\u0443 \u043d\u0430\u043d\u044f\u0442\u044c \u0444\u043e\u0440\u0442\u0435\u043f\u044c\u044f\u043d\u043e, \u0432\u043e\u0442\u044a \u0434\u0432\u0463 \u043e\u0448\u0438\u0431\u043a\u0438 \u043f\u0440\u043e\u0442\u0438\u0432\u044a \u043e\u0441\u043d\u043e\u0432\u0430\u0442\u0435\u043b\u044c\u043d\u043e\u0441\u0442\u0438. \u0413\u043b\u0430\u0432\u043d\u044b\u0439 \u043c\u043e\u0439 \u043d\u0435\u0434\u043e\u0441\u0442\u0430\u0442\u043e\u043a\u044a \u0441\u043e\u0441\u0442\u043e\u0438\u0442\u044a \u0432\u044a \u043d\u0435\u0434\u043e\u0441\u0442\u0430\u0442\u043a\u0463 \u0442\u0435\u0440\u043f\u0438\u043c\u043e\u0441\u0442\u0438 \u043a\u044a \u0441\u0435\u0431\u0463 \u0438 \u0434\u0440\u0443\u0433\u0438\u043c\u044a. \u042d\u0442\u043e \u043d\u0435 \u043f\u0440\u0430\u0432\u0438\u043b\u043e, \u0430 \u043c\u044b\u0441\u043b\u044c, \u043a\u043e\u0442\u043e\u0440\u0443\u044e \u043f\u043e\u0447\u0435\u043c\u0443 \u043d\u0435 \u0437\u0430\u043f\u0438\u0441\u0430\u0442\u044c \u0441\u044e\u0434\u0430. \u041e\u043d\u0430 \u043d\u0430\u043f\u043e\u043c\u043d\u0438\u0442\u044c \u0447\u0435\u0440\u0435\u0437\u044a \u043d\u0463\u0441\u043a\u043e\u043b\u044c\u043a\u043e \u0432\u0440\u0435\u043c\u0435\u043d\u0438 \u0442\u043e \u043c\u043e\u0440\u0430\u043b\u044c\u043d\u043e\u0435 \u0441\u043e\u0441\u0442\u043e\u0438\u0442\u0435, \u0432\u044a \u043a\u043e\u0442\u043e\u0440\u043e\u043c\u044a \u044f \u043d\u0430\u0445\u043e\u0434\u0438\u043b\u0441\u044f 5-\u0433\u043e \u0406\u044e\u043b\u044f 1854 \u0433\u043e\u0434\u0430. (2)", "pub_date": "1854-07-05T00:00:00", "author": 2, "group": null, "image": ""}}, {"model": "posts.post", "pk": 13, "fields": {"text": "\u0426\u0463\u043b\u044b\u0439 \u0434\u0435\u043d\u044c \u0447\u0438\u0442\u0430\u043b\u044a \u0442\u043e \u041b\u0435\u0440\u043c\u043e\u043d\u0442\u043e\u0432\u0430], \u0442\u043e \u0413\u0451\u0442\u0435, \u0442\u043e Alphonse Karr\u2019a \u0438 \u043d\u0435 \u043c\u043e\u0433\u044a \u043f\u0440\u0438\u043d\u044f\u0442\u044c\u0441\u044f \u0437\u0430 \u0434\u0463\u043b\u043e. \u2014 \u041a\u0430\u043a\u044a \u044f \u043d\u0435 \u0433\u043e\u0432\u043e\u0440\u044e, \u0447\u0442\u043e \u044f \u043d\u0435 \u0447\u0435\u0441\u0442\u043e\u043b\u044e\u0431\u0438\u0432\u044a, \u0438 \u0441\u043a\u043e\u043b\u044c\u043a\u043e \u043d\u0438 \u0441\u0442\u0430\u0440\u0430\u044e\u0441\u044c \u0431\u044b\u0442\u044c \u0438\u0441\u043a\u0440\u0435\u043d\u043d\u0438\u043c\u044a \u0432\u044a \u044d\u0442\u043e\u043c\u044a, le bout de l\u2019oreille se montre malgr\u00e9 moi.\n\n\u041c\u043d\u0463 \u043d\u0435\u043f\u0440\u0456\u044f\u0442\u043d\u043e \u0431\u044b\u043b\u043e \u0443\u0437\u043d\u0430\u0442\u044c \u0441\u0435\u0433\u043e\u0434\u043d\u044f, \u0447\u0442\u043e \u041e\u0441\u0438\u043f\u044a \u0421\u0435\u0440\u0436\u043f\u0443\u0442[\u043e\u0432\u0441\u043a\u0456\u0439] \u043a\u043e\u043d\u0442\u0443\u0436\u0435\u043d\u044a \u0438 \u043e \u043d\u0435\u043c\u044a \u0434\u043e\u043d\u0435\u0441\u0435\u043d\u043e: \u0413\u043e\u0441\u0443\u0434\u0430\u0440\u044e. \u0417\u0430\u0432\u0438\u0441\u0442\u044c.... \u0438 \u0438\u0437\u044a \u0437\u0430 \u043a\u0430\u043a\u043e\u0439 \u043f\u043e\u0448\u043b\u043e\u0441\u0442\u0438 \u0438 \u043a\u044a \u043a\u0430\u043a\u043e\u0439 \u0434\u0440\u044f\u043d\u0438!\n\n\u041d\u044b\u043d\u0447\u0435 \u0432\u0435\u0441\u044c \u0434\u0435\u043d\u044c \u0431\u044b\u043b\u044a \u0434\u0435\u043d\u044c \u043d\u0435\u043f\u0440\u0456\u044f\u0442\u043d\u044b\u0445\u044a \u0432\u043e\u0441\u043f\u043e\u043c\u0438\u043d\u0430\u043d\u0456\u0439. \u0422\u043e \u0432\u043e\u0441\u043f\u043e\u043c\u0438\u043d\u0430\u043d\u0456\u0435 \u043e \u0434\u043e\u043b\u0433\u0463 \u0417\u0443\u0431\u043a\u043e\u0432\u0443 \u043c\u0443\u0447\u0430\u043b\u043e \u043c\u0435\u043d\u044f. (\u041d\u0430\u0441\u0447\u0435\u0442\u044a \u0435\u0433\u043e \u044f \u0431\u044b\u043b\u043e \u0440\u0430\u0437\u0434\u0443\u043c\u0430\u043b\u044a \u043f\u0435\u0440\u0435\u0445\u043e\u0434\u044a \u0432\u044a \u043a\u043e\u043d\u043d\u0443\u044e \u0430\u0440\u0442\u0438\u043b\u043b\u0435\u0440\u0456\u044e, \u043f\u043e \u043f\u043e\u0442\u043e\u043c\u044a \u0440\u0463\u0448\u0438\u043b\u0441\u044f, \u043e\u0441\u0442\u0430\u0432\u0438\u0432\u044a \u0434\u0463\u043b\u043e, \u043a\u0430\u043a\u044a \u0435\u0441\u0442\u044c, \u0436\u0434\u0430\u0442\u044c \u0434\u043e 55-\u0433\u043e \u0433\u043e\u0434\u0430.) \u0422\u043e \u0432\u043e\u0441\u043f\u043e\u043c\u0438\u043d\u0430\u043d\u0456\u0435 \u043e \u0442\u043e\u043c\u044a, \u0447\u0442\u043e \u044f \u0431\u0443\u0434\u0442\u043e \u0441\u043b\u0438\u0448\u043a\u043e\u043c\u044a \u043c\u043d\u043e\u0433\u043e \u043f\u043e\u0437\u0432\u043e\u043b\u044f\u043b\u044a \u0441\u0432\u043e\u0435\u043c\u0443 \u0413\u0435\u043d\u0435\u0440\u0430\u043b\u0443, \u043c\u0443\u0447\u0430\u043b\u043e \u043c\u0435\u043d\u044f. \u041e\u0431\u0434\u0443\u043c\u0430\u0432\u044a \u0445\u043e\u0440\u043e\u0448\u0435\u043d\u044c\u043a\u043e, \u0432\u044b\u0445\u043e\u0434\u0438\u0442\u044c \u043d\u0430\u043f\u0440\u043e\u0442\u0438\u0432\u044a, \u0447\u0442\u043e \u044f \u0441\u043b\u0438\u0448\u043a\u043e\u043c\u044a \u043c\u043d\u043e\u0433\u043e \u0441\u0435\u0431\u0463 \u043f\u043e\u0437\u0432\u043e\u043b\u044f\u043b\u044a \u0441\u044a \u043d\u0438\u043c\u044a. \u2014 \u0427\u0442\u043e\u0431\u044b \u0435\u0441\u0442\u0435\u0441\u0442\u0432\u0435\u043d\u043d\u043e \u0431\u044b\u0442\u044c \u0433\u043e\u0440\u0434\u044b\u043c\u044a (fier) \u043d\u0430\u0434\u043e \u0438\u043b\u0438 \u0431\u044b\u0442\u044c \u0434\u0443\u0440\u0430\u043a\u043e\u043c\u044a (\u0447\u0463\u043c\u044a \u044f \u043d\u0435 \u043c\u043e\u0433\u0443 \u0431\u044b\u0442\u044c), \u0438\u043b\u0438 \u0431\u044b\u0442\u044c \u0434\u043e\u0432\u043e\u043b\u044c\u043d\u044b\u043c\u044a \u0441\u043e\u0431\u043e\u044e, \u0437\u0430 \u0447\u0463\u043c\u044a \u044f \u043d\u0435 \u0431\u044b\u043b\u044a \u0441\u043e \u0432\u0440\u0435\u043c\u0435\u043d\u0438 \u0441\u0432\u043e\u0435\u0433\u043e \u043f\u0440\u0456\u0463\u0437\u0434\u0430 \u0432\u044a \u0430\u0440\u043c\u0456\u044e. \u0417\u0430 \u043d\u044b\u043d\u0463\u0448\u043d\u0456\u0439 [\u0434\u0435\u043d\u044c] 2 \u0443\u043f\u0440\u0435\u043a\u0430 \u044f \u043c\u043e\u0433\u0443 \u0438 \u0434\u043e\u043b\u0436\u0435\u043d\u044a \u0441\u0435\u0431\u0463 \u0441\u0434\u0463\u043b\u0430\u0442\u044c: 1) \u043d\u0435\u043f\u0440\u043e\u0441\u0442\u0438\u0442\u0435\u043b\u044c\u043d\u0430\u044f \u0446\u0463\u043b\u044b\u0439 \u0434\u0435\u043d\u044c \u043b\u0463\u043d\u044c \u0438 \u0441\u043b\u0463\u0434\u0441\u0442\u0432\u0456\u0435 \u0435\u044f \u2014 \u043f\u0440\u0430\u0437\u0434\u043d\u043e\u0441\u0442\u044c \u0438 2) \u043f\u0440\u043e\u0441\u044c\u0431\u0430 \u043a\u044a (\u041e\u043b\u0445\u0438\u043d\u0443 \u043e \u0444\u043e\u0440\u0442\u0435\u043f\u044c\u044f\u043d\u043e, \u043d\u0430 \u0447\u0442\u043e \u0443 \u043c\u0435\u043d\u044f \u043d\u0463\u0442\u044a \u0434\u043e\u0441\u0442\u0430\u0442\u043e\u0447\u043d\u043e \u0434\u0435\u043d\u0435\u0433\u044a.) (1)", "pub_date": "1854-07-06T00:00:00", "author": 2, "group": null, "image": ""}}, {"model": "posts.post", "pk": 14, "fields": {"text": "\u0421\u043a\u0440\u043e\u043c\u043d\u043e\u0441\u0442\u0438 \u0443 \u043c\u0435\u043d\u044f \u043d\u0463\u0442\u044a! \u0432\u043e\u0442\u044a \u043c\u043e\u0439 \u0431\u043e\u043b\u044c\u0448\u043e\u0439 \u043d\u0435\u0434\u043e\u0441\u0442\u0430\u0442\u043e\u043a\u044a. \u2014\n\n\u0427\u0442\u043e \u044f \u0442\u0430\u043a\u043e\u0435? \u041e\u0434\u0438\u043d\u044a \u0438\u0437\u044a 4-\u0445\u044a \u0441\u044b\u043d\u043e\u0432\u0435\u0439 \u043e\u0442\u0441\u0442\u0430\u0432\u043d\u0430\u0433\u043e \u041f\u043e\u0434\u043f\u043e\u043b\u043a\u043e\u0432\u043d\u0438\u043a\u0430, \u043e\u0441\u0442\u0430\u0432\u0448\u0456\u0439\u0441\u044f \u0441\u044a 7 \u043b\u0463\u0442\u043d\u044f\u0433\u043e \u0432\u043e\u0437\u0440\u0430\u0441\u0442\u0430 \u0431\u0435\u0437\u044a \u0440\u043e\u0434\u0438\u0442\u0435\u043b\u0435\u0439 \u043f\u043e\u0434\u044a \u043e\u043f\u0435\u043a\u043e\u0439 \u0436\u0435\u043d\u0449\u0438\u043d\u044a \u0438 \u043f\u043e\u0441\u0442\u043e\u0440\u043e\u043d\u043d\u0438\u0445\u044a, \u043d\u0435 \u043f\u043e\u043b\u0443\u0447\u0438\u0432\u0448\u0456\u0439 \u043d\u0438 \u0441\u0432\u0463\u0442\u0441\u043a\u0430\u0433\u043e, \u043d\u0438 \u0443\u0447\u0435\u043d\u0430\u0433\u043e \u043e\u0431\u0440\u0430\u0437\u043e\u0432\u0430\u043d\u0456\u044f \u0438 \u0432\u044b\u0448\u0435\u0434\u0448\u0456\u0439 \u043d\u0430 \u0432\u043e\u043b\u044e 17-\u0442\u0438 \u043b\u0463\u0442\u044a, \u0431\u0435\u0437\u044a \u0431\u043e\u043b\u044c\u0448\u043e\u0433\u043e \u0441\u043e\u0441\u0442\u043e\u044f\u043d\u0456\u044f, \u0431\u0435\u0437\u044a \u0432\u0441\u044f\u043a\u0430\u0433\u043e \u043e\u0431\u0449\u0435\u0441\u0442\u0432\u0435\u043d\u043d\u0430\u0433\u043e \u043f\u043e\u043b\u043e\u0436\u0435\u043d\u0456\u044f \u0438, \u0433\u043b\u0430\u0432\u043d\u043e\u0435, \u0431\u0435\u0437\u044a \u043f\u0440\u0430\u0432\u0438\u043b\u044a; \u0447\u0435\u043b\u043e\u0432\u0463\u043a\u044a, \u0440\u0430\u0437\u0441\u0442\u0440\u043e\u0438\u0432\u0448\u0456\u0439 \u0441\u0432\u043e\u0438 \u0434\u0463\u043b\u0430 \u0434\u043e \u043f\u043e\u0441\u043b\u0463\u0434\u043d\u0435\u0439 \u043a\u0440\u0430\u0439\u043d\u043e\u0441\u0442\u0438, \u0431\u0435\u0437\u044a \u0446\u0463\u043b\u0438 \u0438 \u043d\u0430\u0441\u043b\u0430\u0436\u0434\u0435\u043d\u0456\u044f \u043f\u0440\u043e\u0432\u0435\u0434\u0448\u0456\u0439 \u043b\u0443\u0447\u0448\u0456\u044f \u0433\u043e\u0434\u0430 \u0441\u0432\u043e\u0435\u0439 \u0436\u0438\u0437\u043d\u0438, \u043d\u0430\u043a\u043e\u043d\u0435\u0446\u044a \u0438\u0437\u0433\u043d\u0430\u0432\u0448\u0456\u0439 \u0441\u0435\u0431\u044f \u043d\u0430 \u041a\u0430\u0432\u043a\u0430\u0437\u044a, \u0447\u0442\u043e\u0431\u044a \u0431\u0463\u0436\u0430\u0442\u044c \u043e\u0442\u044a \u0434\u043e\u043b\u0433\u043e\u0432\u044a \u0438, \u0433\u043b\u0430\u0432\u043d\u043e\u0435, \u043f\u0440\u0438\u0432\u044b\u0447\u0435\u043a\u044a, \u0430 \u043e\u0442\u0442\u0443\u0434\u0430, \u043f\u0440\u0438\u0434\u0440\u0430\u0432\u0448\u0438\u0441\u044c \u043a\u044a \u043a\u0430\u043a\u0438\u043c\u044a-\u0442\u043e \u0441\u0432\u044f\u0437\u044f\u043c\u044a, \u0441\u0443\u0449\u0435\u0441\u0442\u0432\u043e\u0432\u0430\u0432\u0448\u0438\u043c\u044a \u043c\u0435\u0436\u0434\u0443 \u0435\u0433\u043e \u043e\u0442\u0446\u043e\u043c\u044a \u0438 \u041a\u043e\u043c\u0430\u043d\u0434\u0443\u044e\u0449\u0438\u043c\u044a \u0430\u0440\u043c\u0456\u0435\u0439, \u043f\u0435\u0440\u0435\u0448\u0435\u0434\u0448\u0456\u0439 \u0432\u044a \u0414\u0443\u043d\u0430\u0439\u0441\u043a\u0443\u044e \u0430\u0440\u043c\u0456\u044e 26 \u043b\u0463\u0442\u044a, \u043f\u0440\u0430\u043f\u043e\u0440\u0449\u0438\u043a\u043e\u043c\u044a, \u043f\u043e\u0447\u0442\u0438 \u0431\u0435\u0437\u044a \u0441\u0440\u0435\u0434\u0441\u0442\u0432\u044a \u043a\u0440\u043e\u043c\u0463 \u0436\u0430\u043b\u043e\u0432\u0430\u043d\u044c\u044f (\u043f\u043e\u0442\u043e\u043c\u0443 \u0447\u0442\u043e \u0442\u0463 \u0441\u0440\u0435\u0434\u0441\u0442\u0432\u0430, \u043a\u043e\u0442\u043e\u0440\u044b\u044f \u0443 \u043d\u0435\u0433\u043e \u0435\u0441\u0442\u044c, \u043e\u043d\u044a \u0434\u043e\u043b\u0436\u0435\u043d\u044a \u0443\u043f\u043e\u0442\u0440\u0435\u0431\u0438\u0442\u044c \u043d\u0430 \u0443\u043f\u043b\u0430\u0442\u0443 \u043e\u0441\u0442\u0430\u0432\u0448\u0438\u0445\u0441\u044f \u0434\u043e\u043b\u0433\u043e\u0432\u044a), \u0431\u0435\u0437\u044a \u043f\u043e\u043a\u0440\u043e\u0432\u0438\u0442\u0435\u043b\u0435\u0439, \u0431\u0435\u0437\u044a \u0443\u043c\u0463\u043d\u044c\u044f \u0436\u0438\u0442\u044c \u0432\u044a \u0441\u0432\u0463\u0442\u0463, \u0431\u0435\u0437\u044a \u0437\u043d\u0430\u043d\u0456\u044f \u0441\u043b\u0443\u0436\u0431\u044b, \u0431\u0435\u0437\u044a \u043f\u0440\u0430\u043a\u0442\u0438\u0447\u0435\u0441\u043a\u0438\u0445\u044a \u0441\u043f\u043e\u0441\u043e\u0431\u043d\u043e\u0441\u0442\u0435\u0439; \u043d\u043e \u2014 \u0441\u044a \u043e\u0433\u0440\u043e\u043c\u043d\u044b\u043c\u044a \u0441\u0430\u043c\u043e\u043b\u044e\u0431\u0456\u0435\u043c\u044a! \u0414\u0430, \u0432\u043e\u0442\u044a \u043c\u043e\u0435 \u043e\u0431\u0449\u0435\u0441\u0442\u0432\u0435\u043d\u043d\u043e\u0435 \u043f\u043e\u043b\u043e\u0436\u0435\u043d\u0456\u0435. \u041f\u043e\u0441\u043c\u043e\u0442\u0440\u0438\u043c\u044a, \u0447\u0442\u043e \u0442\u0430\u043a\u043e\u0435 \u043c\u043e\u044f \u043b\u0438\u0447\u043d\u043e\u0441\u0442\u044c. \u2014\n\n\u042f \u0434\u0443\u0440\u0435\u043d\u044a \u0441\u043e\u0431\u043e\u0439, \u043d\u0435\u043b\u043e\u0432\u043e\u043a\u044a, \u043d\u0435\u0447\u0438\u0441\u0442\u043e\u043f\u043b\u043e\u0442\u0435\u043d\u044a \u0438 \u0441\u0432\u0463\u0442\u0441\u043a\u0438 \u043d\u0435\u043e\u0431\u0440\u0430\u0437\u043e\u0432\u0430\u043d\u044a. \u2014 \u042f \u0440\u0430\u0437\u0434\u0440\u0430\u0436\u0438\u0442\u0435\u043b\u0435\u043d\u044a, \u0441\u043a\u0443\u0447\u0435\u043d\u044a \u0434\u043b\u044f \u0434\u0440\u0443\u0433\u0438\u0445\u044a, \u043d\u0435\u0441\u043a\u0440\u043e\u043c\u0435\u043d\u044a, \u043d\u0435\u0442\u0435\u0440\u043f\u0438\u043c\u044a (intol\u00e9rant) \u0438 \u0441\u0442\u044b\u0434\u043b\u0438\u0432\u044a, \u043a\u0430\u043a\u044a \u0440\u0435\u0431\u0435\u043d\u043e\u043a\u044a. \u2014 \u042f \u043f\u043e\u0447\u0442\u0438 \u043d\u0435\u0432\u0463\u0436\u0434\u0430. \u0427\u0442\u043e \u044f \u0437\u043d\u0430\u044e, \u0442\u043e\u043c\u0443 \u044f \u0432\u044b\u0443\u0447\u0438\u043b\u0441\u044f \u043a\u043e\u0435 \u043a\u0430\u043a\u044a \u0441\u0430\u043c\u044a, \u0443\u0440\u044b\u0432\u043a\u0430\u043c\u0438, \u0431\u0435\u0437\u044a \u0441\u0432\u044f\u0437\u0438, \u0431\u0435\u0437\u044a \u0442\u043e\u043b\u043a\u0443 \u0438 \u0442\u043e \u0442\u0430\u043a\u044a \u043c\u0430\u043b\u043e. \u2014 \u042f \u043d\u0435\u0432\u043e\u0437\u0434\u0435\u0440\u0436\u0435\u043d\u044a, \u043d\u0435\u0440\u0463\u0448\u0438\u0442\u0435\u043b\u0435\u043d\u044a, \u043d\u0435\u043f\u043e\u0441\u0442\u043e\u044f\u043d\u0435\u043d\u044a, \u0433\u043b\u0443\u043f\u043e-\u0442\u0449\u0435\u0441\u043b\u0430\u0432\u0435\u043d\u044a \u0438 \u043f\u044b\u043b\u043e\u043a\u044a, \u043a\u0430\u043a\u044a \u0432\u0441\u0463 \u0431\u0435\u0437\u0445\u0430\u0440\u0430\u043a\u0442\u0435\u0440\u043d\u044b\u0435 \u043b\u044e\u0434\u0438. \u042f \u043d\u0435 \u0445\u0440\u0430\u0431\u0440\u044a. \u042f \u043d\u0435\u0430\u043a\u0443\u0440\u0430\u0442\u0435\u043d\u044a \u0432\u044a \u0436\u0438\u0437\u043d\u0438 \u0438 \u0442\u0430\u043a\u044a \u043b\u0463\u043d\u0438\u0432\u044a, \u0447\u0442\u043e \u043f\u0440\u0430\u0437\u0434\u043d\u043e\u0441\u0442\u044c \u0441\u0434\u0463\u043b\u0430\u043b\u0430\u0441\u044c \u0434\u043b\u044f \u043c\u0435\u043d\u044f \u043f\u043e\u0447\u0442\u0438 \u043d\u0435\u043e\u0434\u043e\u043b\u0438\u043c\u043e\u0439 \u043f\u0440\u0438\u0432\u044b\u0447\u043a\u043e\u0439. \u2014 \u042f \u0443\u043c\u0435\u043d\u044a, \u043d\u043e \u0443\u043c\u044a \u043c\u043e\u0439 \u0435\u0449\u0435 \u043d\u0438\u043a\u043e\u0433\u0434\u0430 \u043d\u0438 \u043d\u0430 \u0447\u0435\u043c\u044a \u043d\u0435 \u0431\u044b\u043b\u044a \u043e\u0441\u043d\u043e\u0432\u0430\u0442\u0435\u043b\u044c\u043d\u043e \u0438\u0441\u043f\u044b\u0442\u0430\u043d\u044a. \u0423 \u043c\u0435\u043d\u044f \u043d\u0463\u0442\u044a \u043d\u0438 \u0443\u043c\u0430 \u043f\u0440\u0430\u043a\u0442\u0438\u0447\u0435\u0441\u043a\u0430\u0433\u043e, \u043d\u0438 \u0443\u043c\u0430 \u0441\u0432\u0463\u0442\u0441\u043a\u0430\u0433\u043e, \u043d\u0438 \u0443\u043c\u0430 \u0434\u0463\u043b\u043e\u0432\u0430\u0433\u043e. \u2014 \u042f \u0447\u0435\u0441\u0442\u0435\u043d\u044a, \u0442. \u0435. \u044f \u043b\u044e\u0431\u043b\u044e \u0434\u043e\u0431\u0440\u043e, \u0441\u0434\u0463\u043b\u0430\u043b\u044a \u043f\u0440\u0438\u0432\u044b\u0447\u043a\u0443 \u043b\u044e\u0431\u0438\u0442\u044c \u0435\u0433\u043e; \u0438 \u043a\u043e\u0433\u0434\u0430 \u043e\u0442\u043a\u043b\u043e\u043d\u044f\u044e\u0441\u044c \u043e\u0442\u044a \u043d\u0435\u0433\u043e, \u0431\u044b\u0432\u0430\u044e \u043d\u0435\u0434\u043e\u0432\u043e\u043b\u0435\u043d\u044a \u0441\u043e\u0431\u043e\u0439 \u0438 \u0432\u043e\u0437\u0432\u0440\u0430\u0449\u0430\u044e\u0441\u044c \u043a\u044a \u043d\u0435\u043c\u0443 \u0441\u044a \u0443\u0434\u043e\u0432\u043e\u043b\u044c\u0441\u0442\u0432\u0456\u0435\u043c\u044a; \u043d\u043e \u0435\u0441\u0442\u044c \u0432\u0435\u0449\u0438, \u043a\u043e\u0442\u043e\u0440\u044b\u0439 \u044f \u043b\u044e\u0431\u043b\u044e \u0431\u043e\u043b\u044c\u0448\u0435 \u0434\u043e\u0431\u0440\u0430 \u2014 \u0441\u043b\u0430\u0432\u0443. \u042f \u0442\u0430\u043a\u044a \u0447\u0435\u0441\u0442\u043e\u043b\u044e\u0431\u0438\u0432\u044a \u0438 \u0442\u0430\u043a\u044a \u043c\u0430\u043b\u043e \u0447\u0443\u0432\u0441\u0442\u0432\u043e \u044d\u0442\u043e \u0431\u044b\u043b\u043e \u0443\u0434\u043e\u0432\u043b\u0435\u0442\u0432\u043e\u0440\u0435\u043d\u043e, \u0447\u0442\u043e \u0447\u0430\u0441\u0442\u043e, \u0431\u043e\u044e\u0441\u044c, \u044f \u043c\u043e\u0433\u0443 \u0432\u044b\u0431\u0440\u0430\u0442\u044c \u043c\u0435\u0436\u0434\u0443 \u0441\u043b\u0430\u0432\u043e\u0439 \u0438 \u0434\u043e\u0431\u0440\u043e\u0434\u0463\u0442\u0435\u043b\u044b\u043e \u043f\u0435\u0440\u0432\u0443\u044e, \u0435\u0436\u0435\u043b\u0438 \u0431\u044b \u043c\u043d\u0463 \u043f\u0440\u0438\u0448\u043b\u043e\u0441\u044c \u0432\u044b\u0431\u0438\u0440\u0430\u0442\u044c \u0438\u0437\u044a \u043d\u0438\u0445\u044a. ______________\n\n\u0414\u0430, \u044f \u043d\u0435 \u0441\u043a\u0440\u043e\u043c\u0435\u043d\u044a; \u043e\u0442\u0442\u043e\u0433\u043e \u0442\u043e \u044f \u0433\u043e\u0440\u0434\u044a \u0432\u044a \u0441\u0430\u043c\u043e\u043c\u044a \u0441\u0435\u0431\u0463, \u0430 \u0441\u0442\u044b\u0434\u043b\u0438\u0432\u044a \u0438 \u0440\u043e\u0431\u043e\u043a\u044a \u0432\u044a \u0441\u0432\u0463\u0442\u0463. ______________\n\n\u0423\u0442\u0440\u043e\u043c\u044a \u043f\u0438\u0441\u0430\u043b\u044a \u044d\u0442\u0443 \u0441\u0442\u0440\u0430\u043d\u0438\u0446\u0443 \u0438 \u0447\u0438\u0442\u0430\u043b\u044a Louis Philipp\u2019a. \u041f\u043e\u0441\u043b\u0463 \u043e\u0431\u0463\u0434\u0430 \u0443\u0436\u0435 \u043e\u0447\u0435\u043d\u044c \u043f\u043e\u0437\u0434\u043d\u043e \u043d\u0430\u0447\u0430\u043b\u044a \u043f\u0438\u0441\u0430\u0442\u044c 3[\u0430\u043f\u0438\u0441\u043a\u0438] \u0424[\u0435\u0435\u0440\u0432\u0435\u0440\u043a\u0435\u0440\u0430] \u0438 \u0434\u043e \u0432\u0435\u0447\u0435\u0440\u0430 \u043d\u0430\u043f\u0438\u0441\u0430\u043b\u044a \u0434\u043e\u0432\u043e\u043b\u044c\u043d\u043e \u043c\u043d\u043e\u0433\u043e \u043d\u0435\u0441\u043c\u043e\u0442\u0440\u044f \u043d\u0430 \u0442\u043e, \u0447\u0442\u043e \u0443 \u043c\u0435\u043d\u044f \u0431\u044b\u043b\u0438 \u041e\u043b\u0445\u0438\u043d\u044a \u0438 \u0410\u043d\u0434\u0440\u043e\u043f\u043e\u0432\u044a. \u041f\u043e\u0441\u043b\u0463 \u0443\u0445\u043e\u0434\u0430 \u0410\u043d\u0434\u0440\u043e\u043f[\u043e\u0432\u0430] \u044e \u044f \u043e\u0431\u043b\u043e\u043a\u043e\u0442\u0438\u043b\u0441\u044f \u043d\u0430 \u0431\u0430\u043b\u043a\u043e\u043d\u044a \u0438 \u0433\u043b\u044f\u0434\u0463\u043b\u044a \u043d\u0430 \u0441\u0432\u043e\u0439 \u043b\u044e\u0431\u0438\u043c\u044b\u0439 \u0444\u043e\u043d\u0430\u0440\u044c, \u043a\u043e\u0442\u043e\u0440\u044b\u0439 \u0442\u0430\u043a\u044a \u0441\u043b\u0430\u0432\u043d\u043e \u0441\u0432\u0463\u0442\u0438\u0442\u044a \u0441\u043a\u0432\u043e\u0437\u044c \u0434\u0435\u0440\u0435\u0432\u043e. \u041f\u0440\u0438\u0442\u043e\u043c\u044a \u0436\u0435 \u043f\u043e\u0441\u043b\u0463 \u043d\u0463\u0441\u043a\u043e\u043b\u044c\u043a\u0438\u0445\u044a \u0433\u0440\u043e\u0437\u043e\u0432\u044b\u0445\u044a \u0442\u0443\u0447\u044c, \u043a\u043e\u0442\u043e\u0440\u044b\u044f \u043f\u0440\u043e\u0445\u043e\u0434\u0438\u043b\u0438 \u0438 \u043c\u043e\u0447\u0438\u043b\u0438 \u043d\u044b\u043d\u0447\u0435 \u0437\u0435\u043c\u043b\u044e, \u043e\u0441\u0442\u0430\u043b\u0430\u0441\u044c \u043e\u0434\u043d\u0430 \u0431\u043e\u043b\u044c\u0448\u0430\u044f, \u0437\u0430\u043a\u0440\u044b\u0432\u0430\u0432\u0448\u0430\u044f \u0432\u0441\u044e \u044e\u0436\u043d\u0443\u044e \u0447\u0430\u0441\u0442\u044c \u043d\u0435\u0431\u0430 \u0438 \u043a\u0430\u043a\u0430\u044f-\u0442\u043e \u043f\u0440\u0456\u044f\u0442\u043d\u0430\u044f \u043b\u0435\u0433\u043a\u043e\u0441\u0442\u044c \u0438 \u0432\u043b\u0430\u0436\u043d\u043e\u0441\u0442\u044c \u0432\u044a \u0432\u043e\u0437\u0434\u0443\u0445\u0463.\n\n\u0425\u043e\u0437\u044f\u0439\u0441\u043a\u0430\u044f \u0445\u043e\u0440\u043e\u0448\u0435\u043d\u044c\u043a\u0430\u044f \u0434\u043e\u0447\u043a\u0430 \u0442\u0430\u043a\u0436\u0435, \u043a\u0430\u043a\u044a \u044f, \u043b\u0435\u0436\u0430\u043b\u0430 \u0432\u044a \u0441\u0432\u043e\u0435\u043c\u044a \u043e\u043a\u043d\u0463, \u043e\u0431\u043b\u043e\u043a\u043e\u0442\u0438\u0432\u0448\u0438\u0441\u044c \u043d\u0430 \u043b\u043e\u043a\u0442\u0438. \u041f\u043e \u0443\u043b\u0438\u0446\u0463 \u043f\u0440\u043e\u0448\u043b\u0430 \u0448\u0430\u0440\u043c\u0430\u043d\u043a\u0430, \u0438 \u043a\u043e\u0433\u0434\u0430 \u0437\u0432\u0443\u043a\u0438 \u0434\u043e\u0431\u0440\u0430\u0433\u043e \u0441\u0442\u0430\u0440\u0438\u043d\u043d\u0430\u0433\u043e \u0432\u0430\u043b\u044c\u0441\u0430, \u0443\u0434\u0430\u043b\u044f\u044f\u0441\u044c \u0432\u0441\u0435 \u0431\u043e\u043b\u044c\u0448\u0435 \u0438 \u0431\u043e\u043b\u044c\u0448\u0435, \u0441\u0442\u0438\u0445\u043b\u0438 \u0441\u043e\u0432\u0435\u0440\u0448\u0435\u043d\u043d\u043e, \u0434\u0463\u0432\u043e\u0447\u043a\u0430 \u0434\u043e \u0433\u043b\u0443\u0431\u0438\u043d\u044b \u0434\u0443\u0448\u0438 \u0432\u0437\u0434\u043e\u0445\u043d\u0443\u043b\u0430, \u043f\u0440\u0438\u043f\u043e\u0434\u043d\u044f\u043b\u0430\u0441\u044c \u0438 \u0431\u044b\u0441\u0442\u0440\u043e \u043e\u0442\u043e\u0448\u043b\u0430 \u043e\u0442\u044a \u043e\u043a\u043e\u0448\u043a\u0430. \u041c\u043d\u0463 \u0441\u0442\u0430\u043b\u043e \u0442\u0430\u043a\u044a \u0433\u0440\u0443\u0441\u0442\u043d\u043e \u2014 \u0445\u043e\u0440\u043e\u0448\u043e, \u0447\u0442\u043e \u044f \u043d\u0435\u0432\u043e\u043b\u044c\u043d\u043e \u0443\u043b\u044b\u0431\u043d\u0443\u043b\u0441\u044f \u0438 \u0434\u043e\u043b\u0433\u043e \u0435\u0449\u0435 \u0441\u043c\u043e\u0442\u0440\u0463\u043b\u044a \u043d\u0430 \u0441\u0432\u043e\u0439 \u0444\u043e\u043d\u0430\u0440\u044c, \u0441\u0432\u0463\u0442\u044a \u043a\u043e\u0442\u043e\u0440\u0430\u0433\u043e \u0437\u0430\u0441\u043b\u043e\u043d\u044f\u043b\u0438 \u0438\u043d\u043e\u0433\u0434\u0430 \u043a\u0430\u0447\u0430\u0435\u043c\u044b\u044f \u0432\u0463\u0442\u0440\u043e\u043c\u044a \u0432\u0463\u0442\u0432\u0438 \u0434\u0435\u0440\u0435\u0432\u0430, \u043d\u0430 \u0434\u0435\u0440\u0435\u0432\u043e, \u043d\u0430 \u0437\u0430\u0431\u043e\u0440\u044a, \u043d\u0430 \u043d\u0435\u0431\u043e, \u0438 \u0432\u0441\u0435 \u044d\u0442\u043e \u043c\u043d\u0463 \u043a\u0430\u0437\u0430\u043b\u043e\u0441\u044c \u0435\u0449\u0435 \u043b\u0443\u0447\u0448\u0435, \u0447\u0463\u043c\u044a \u043f\u0440\u0435\u0436\u0434\u0435. \u2014\n\n\u042f \u0434\u043e\u043b\u0436\u0435\u043d\u044a \u0443\u043f\u0440\u0435\u043a\u043d\u0443\u0442\u044c \u0441\u0435\u0431\u044f \u043d\u044b\u043d\u0447\u0435 \u0432\u044a 3-\u0445\u044a \u043d\u0435\u043e\u0441\u043d\u043e\u0432\u0430\u0442\u0435\u043b\u044c\u043d\u043e\u0441\u0442\u044f\u0445\u044a: 1) \u0447\u0442\u043e \u044f \u0437\u0430\u0431\u044b\u043b\u044a \u043e \u0444\u043e\u0440\u0442\u0435\u043f\u044c\u044f\u043d\u0430\u0445\u044a, 2) \u043d\u0435 \u043f\u043e\u0437\u0430\u0431\u043e\u0442\u0438\u043b\u0441\u044f \u043e \u0440\u0430\u043f\u043e\u0440\u0442\u0463 \u043f\u0435\u0440\u0435\u0432\u043e\u0434\u0430 \u0438 3) \u0447\u0442\u043e \u044f \u0463\u043b\u044a \u0431\u043e\u0440\u0448\u044a \u0441\u044a \u043f\u043e\u043d\u043e\u0441\u043e\u043c\u044a, \u043a\u043e\u0442\u043e\u0440\u044b\u0439 \u0432\u0441\u0435 \u0443\u0441\u0438\u043b\u0438\u0432\u0430\u0435\u0442\u0441\u044f. (3)", "pub_date": "1854-07-07T00:00:00", "author": 2, "group": null, "image": ""}}, {"model": "posts.post", "pk": 15, "fields": {"text": "\u0423\u0442\u0440\u043e\u043c\u044a \u0447\u0438\u0442\u0430\u043b\u044a \u0438 \u043f\u0438\u0441\u0430\u043b\u044a \u043d\u0435\u043c\u043d\u043e\u0433\u043e. \u0412\u0435\u0447\u0435\u0440\u043e\u043c\u044a \u043f\u043e\u0431\u043e\u043b\u044c\u0448\u0435, \u043d\u043e \u0432\u0441\u0435 \u043d\u0435 \u0442\u043e\u043b\u044c\u043a\u043e \u0431\u0435\u0437\u044a \u0443\u0432\u043b\u0435\u0447\u0435\u043d\u0456\u044f, \u043d\u043e \u0441\u044a \u043a\u0430\u043a\u043e\u044e-\u0442\u043e \u043d\u0435\u043f\u0440\u0435\u043e\u0434\u043e\u043b\u0438\u043c\u043e\u0439 \u043b\u0463\u043d\u044c\u044e. \u0420\u0463\u0448\u0438\u043b\u0441\u044f \u043d\u0435 \u0431\u0440\u0430\u0442\u044c \u0444\u043e\u0440\u0442\u0435\u043f\u044c\u044f\u043d\u044a \u0438 \u043e\u0442\u0432\u0463\u0442\u0438\u043b\u044a \u041e\u043b\u0445\u0438\u043d\u0443, \u0447\u0442\u043e \u0443 \u043c\u0435\u043d\u044f \u0434\u0435\u043d\u0435\u0433\u044a \u043d\u0463\u0442\u044a, \u0447\u0463\u043c\u044a \u043e\u043d\u044a \u0432\u0463\u0440\u043d\u043e \u043e\u0431\u0438\u0434\u0463\u043b\u0441\u044f, \u0442\u0463\u043c\u044a \u0431\u043e\u043b\u0463\u0435, \u0447\u0442\u043e \u044f \u043f\u043e\u0434\u043f\u0438\u0441\u0430\u043b\u044a \u043f\u0440\u043e\u0441\u0442\u043e \u00ab\u0432\u0435\u0441\u044c \u0432\u0430\u0448\u044a\u00bb. \u041e\u0442\u043a\u0440\u044b\u043b\u044a \u044f \u043d\u044b\u043d\u0447\u0435 \u0435\u0449\u0435 \u043f\u043e\u044d\u0442\u0438\u0447\u0435\u0441\u043a\u0443\u044e \u0432\u0435\u0449\u044c \u0432\u044a \u041b\u0435\u0440\u043c\u0430\u043d\u0442\u043e\u0432\u0463 \u0438 \u041f\u0443\u0448\u043a\u0438\u043d\u0463; \u0432\u044a \u043f\u0435\u0440\u0432\u043e\u043c\u044a \u0423\u043c\u0438\u0440\u0430\u044e\u0449\u0456\u0439 \u0433\u043b\u0430\u0434\u0456\u0430\u0442\u043e\u0440\u044a. (\u042d\u0442\u0430 \u043f\u0440\u0435\u0434\u0441\u043c\u0435\u0440\u0442\u043d\u0430\u044f \u043c\u0435\u0447\u0442\u0430 \u043e \u0434\u043e\u043c\u0463 \u0443\u0434\u0438\u0432\u0438\u0442\u0435\u043b\u044c\u043d\u043e \u0445\u043e\u0440\u043e\u0448\u0430) \u0438 \u0432\u043e \u0432\u0442\u043e\u0440\u043e\u043c\u044a \u042f\u043d\u043a\u043e \u041c\u0430\u0440\u043d\u0430\u0432\u0438\u0447\u044c, \u043a\u043e\u0442\u043e\u0440\u044b\u0439 \u0443\u0431\u0438\u043b\u044a \u043d\u0435\u0447\u0430\u044f\u043d\u043d\u043e \u0441\u0432\u043e\u0435\u0433\u043e \u0434\u0440\u0443\u0433\u0430. \u041f\u043e\u043c\u043e\u043b\u0438\u0432\u0448\u0438\u0441\u044c \u0443\u0441\u0435\u0440\u0434\u043d\u043e \u0438 \u0434\u043e\u043b\u0433\u043e \u0432\u044a \u0426\u0435\u0440\u043a\u0432\u0438, \u043e\u043d\u044a \u043f\u0440\u0438\u0448\u0435\u043b\u044a \u0434\u043e\u043c\u043e\u0439 \u0438 \u043b\u0435\u0433\u044a \u043d\u0430 \u043f\u043e\u0441\u0442\u0435\u043b\u044c. \u041f\u043e\u0442\u043e\u043c\u044a \u043e\u043d\u044a \u0441\u043f\u0440\u043e\u0441\u0438\u043b\u044a \u0443 \u0436\u0435\u043d\u0463, \u043d\u0435 \u0432\u0438\u0434\u0438\u0442\u044a \u043b\u0438 \u043e\u043d\u0430 \u0447\u0435\u0433\u043e \u043d\u0438\u0431\u0443\u0434\u044c \u0432\u044a \u043e\u043a\u043d\u0463, \u043e\u043d\u0430 \u043e\u0442\u0432\u0463\u0447\u0430\u043b\u0430, \u0447\u0442\u043e \u043d\u0463\u0442\u044a. \u041e\u043d\u044a \u0435\u0449\u0435 \u0440\u0430\u0437\u044a \u0441\u043f\u0440\u043e\u0441\u0438\u043b\u044a, \u0442\u043e\u0433\u0434\u0430 \u0436\u0435\u043d\u0430 \u0441\u043a\u0430\u0437\u0430\u043b\u0430, \u0447\u0442\u043e \u0432\u0438\u0434\u0438\u0442\u044a \u0437\u0430 \u0440\u0463\u043a\u043e\u0439 \u043e\u0433\u043e\u043d\u0435\u043a\u044a; \u043a\u043e\u0433\u0434\u0430 \u043e\u043d\u044a \u0432\u044a \u0442\u0440\u0435\u0442\u0456\u0439 \u0440\u0430\u0437\u044a \u0441\u043f\u0440\u043e\u0441\u0438\u043b\u044a, \u0436\u0435\u043d\u0430 \u0441\u043a\u0430\u0437\u0430\u043b\u0430, \u0447\u0442\u043e \u0432\u0438\u0434\u0438\u0442\u044a \u2014 \u043e\u0433\u043e\u043d\u0435\u043a\u044a \u0441\u0442\u0430\u043b\u044a \u043f\u043e\u0431\u043e\u043b\u044c\u0448\u0435 \u0438 \u043f\u0440\u0438\u0431\u043b\u0438\u0436\u0430\u0435\u0442\u0441\u044f. \u041e\u043d\u044a \u0443\u043c\u0435\u0440\u044a. \u2014 \u042d\u0442\u043e \u0432\u043e\u0441\u0445\u0438\u0442\u0438\u0442\u0435\u043b\u044c\u043d\u043e! \u0410 \u043e\u0442\u0447\u0435\u0433\u043e? \u041f\u043e\u0434\u0438\u0442\u0435 \u043e\u0431\u044a\u044f\u0441\u043d\u044f\u0439\u0442\u0435 \u043f\u043e\u0441\u043b\u0463 \u044d\u0442\u0430\u0433\u043e \u043f\u043e\u044d\u0442\u0438\u0447\u0435\u0441\u043a\u043e\u0435 \u0447\u0443\u0432\u0441\u0442\u0432\u043e. \u2014", "pub_date": "1854-07-08T00:00:00", "author": 2, "group": null, "image": ""}}, {"model": "posts.post", "pk": 16, "fields": {"text": "\u0423\u0442\u0440\u043e \u0438 \u0446\u0463\u043b\u044b\u0439 \u0434\u0435\u043d\u044c \u043f\u0440\u043e\u0432\u0435\u043b\u044a, \u0442\u043e \u043f\u0438\u0448\u0430 \u0417[\u0430\u043f\u0438\u0441\u043a\u0438] \u0424[\u0435\u0435\u0440\u0432\u0435\u0440\u043a\u0435\u0440\u0430], \u043a\u043e\u0442\u043e\u0440\u044b\u044f, \u043c\u0435\u0436\u0434\u0443 \u043f\u0440\u043e\u0447\u0438\u043c\u044a, \u043a\u043e\u043d\u0447\u0438\u043b\u044a, \u043d\u043e \u043a\u043e\u0442\u043e\u0440\u044b\u043c\u0438 \u0442\u0430\u043a\u044a \u043d\u0435 \u0434\u043e\u0432\u043e\u043b\u0435\u043d\u044a, \u0447\u0442\u043e \u0435\u0434\u0432\u0430 \u043b\u0438 \u043d\u0435 \u043f\u0440\u0438\u0434\u0435\u0442\u0441\u044f \u043f\u0435\u0440\u0435\u0434\u0463\u043b\u0430\u0442\u044c \u0432\u0441\u0435 \u0437\u0430 \u043d\u043e\u0432\u043e \u0438\u043b\u0438 \u0432\u043e\u0432\u0441\u0435 \u0431\u0440\u043e\u0441\u0438\u0442\u044c, \u043d\u043e \u0431\u0440\u043e\u0441\u0438\u0442\u044c \u043d\u0435 \u043e\u0434\u043d\u0463 \u0417[\u0430\u043f\u0438\u0441\u043a\u0438] \u0424[\u0435\u0435\u0440\u0432\u0435\u0440\u043a\u0435\u0440\u0430], \u043d\u043e \u0431\u0440\u043e\u0441\u0438\u0442\u044c \u0432\u0441\u0435 \u043b\u0438\u0442\u0435\u0440\u0430\u0442\u043e\u0440\u0441\u0442\u0432\u043e; \u043f\u043e\u0442\u043e\u043c\u0443 \u0447\u0442\u043e \u0435\u0436\u0435\u043b\u0438 \u0432\u0435\u0449\u044c, \u043a\u0430\u0437\u0430\u0432\u0448\u0430\u044f\u0441\u044f \u043f\u0440\u0435\u0432\u043e\u0441\u0445\u043e\u0434\u043d\u043e\u044e \u0432\u044a \u043c\u044b\u0441\u043b\u0438 \u2014 \u0432\u044b\u0445\u043e\u0434\u0438\u0442\u044a \u043d\u0438\u0447\u0442\u043e\u0436\u043d\u0430 \u043d\u0430 \u0434\u0463\u043b\u0463, \u0442\u043e \u0442\u043e\u0442\u044a, \u043a\u043e\u0442\u043e\u0440\u044b\u0439 \u0432\u0437\u044f\u043b\u0441\u044f \u0437\u0430 \u043d\u0435\u0435, \u043d\u0435 \u0438\u043c\u0463\u0435\u0442\u044a \u0442\u0430\u043b\u0430\u043d\u0442\u0430. \u0422\u043e \u0447\u0438\u0442\u0430\u043b\u044a \u0413\u0451\u0442\u0435, \u041b\u0435\u0440\u043c\u043e\u043d\u0442\u043e\u0432\u0430 \u0438 \u041f\u0443\u0448\u043a\u0438\u043d\u0430. \u041f\u0435\u0440\u0432\u0430\u0433\u043e \u044f \u043f\u043b\u043e\u0445\u043e \u043f\u043e\u043d\u0438\u043c\u0430\u044e, \u0434\u0430 \u0438 \u043d\u0435 \u043c\u043e\u0433\u0443, \u043a\u0430\u043a\u044a \u043d\u0438 \u0441\u0442\u0430\u0440\u0430\u044e\u0441\u044c, \u043f\u0435\u0440\u0435\u0441\u0442\u0430\u0442\u044c \u0432\u0438\u0434\u0463\u0442\u044c \u0441\u043c\u0463\u0448\u043d\u043e\u0435 (du ridicule) \u0432\u044a \u043d\u0463\u043c\u0435\u0446\u043a\u043e\u043c\u044a \u044f\u0437\u044b\u043a\u0463. \u0412\u043e \u0432\u0442\u043e\u0440\u043e\u043c\u044a \u044f \u043d\u0430\u0448\u0435\u043b\u044a \u043d\u0430\u0447\u0430\u043b\u043e \u0418\u0437\u043c\u0430\u0438\u043b\u044a-\u0431\u0435\u044f \u0432\u0435\u0441\u044c\u043c\u0430 \u0445\u043e\u0440\u043e\u0448\u0438\u043c\u044a. \u041c\u043e\u0436\u0435\u0442\u044a \u0431\u044b\u0442\u044c \u044d\u0442\u043e \u043f\u043e\u043a\u0430\u0437\u0430\u043b\u043e\u0441\u044c \u043c\u043d\u0463 \u0431\u043e\u043b\u0463\u0435 \u043f\u043e\u0442\u043e\u043c\u0443, \u0447\u0442\u043e \u044f \u043d\u0430\u0447\u0438\u043d\u0430\u044e \u043b\u044e\u0431\u0438\u0442\u044c \u041a\u0430\u0432\u043a\u0430\u0437\u044a, \u0445\u043e\u0442\u044f \u043f\u043e\u0441\u043c\u0435\u0440\u0442\u043d\u043e\u0439, \u043d\u043e \u0441\u0438\u043b\u044c\u043d\u043e\u0439 \u043b\u044e\u0431\u043e\u0432\u044c\u044e. \u0414\u0463\u0439\u0441\u0442\u0432\u0438\u0442\u0435\u043b\u044c\u043d\u043e \u0445\u043e\u0440\u043e\u0448\u044a \u044d\u0442\u043e\u0442\u044a \u043a\u0440\u0430\u0439 \u0434\u0438\u043a\u043e\u0439, \u0432\u044a \u043a\u043e\u0442\u043e\u0440\u043e\u043c\u044a \u0442\u0430\u043a\u044a \u0441\u0442\u0440\u0430\u043d\u043d\u043e \u0438 \u043f\u043e\u044d\u0442\u0438\u0447\u0435\u0441\u043a\u0438 \u0441\u043e\u0435\u0434\u0438\u043d\u044f\u044e\u0442\u0441\u044f \u0434\u0432\u0463 \u0441\u0430\u043c\u044b\u044f \u043f\u0440\u043e\u0442\u0438\u0432\u0443\u043f\u043e\u043b\u043e\u0436\u043d\u044b\u044f \u0432\u0435\u0449\u0438 \u2014 \u0432\u043e\u0439\u043d\u0430 \u0438 \u0441\u0432\u043e\u0431\u043e\u0434\u0430. \u2014 \u0412\u044a \u041f\u0443\u0448\u043a\u0438\u043d\u0463 \u0436\u0435 \u043c\u0435\u043d\u044f \u043f\u043e\u0440\u0430\u0437\u0438\u043b\u0438 \u0426\u044b\u0433\u0430\u043d\u0435, \u043a\u043e\u0442\u043e\u0440\u044b\u0445\u044a, \u0441\u0442\u0440\u0430\u043d\u043d\u043e, \u044f \u043d\u0435 \u043f\u043e\u043d\u0438\u043c\u0430\u043b\u044a \u0434\u043e \u0441\u0438\u0445\u044a \u043f\u043e\u0440\u044a.\n\u0414\u0435\u0432\u0438\u0437\u043e\u044e \u043c\u043e\u0435\u0433\u043e \u0434\u043d\u0435\u0432\u043d\u0438\u043a\u0430 \u0434\u043e\u043b\u0436\u043d\u043e \u0431\u044b\u0442\u044c \u00abnon ad probandum, sed ad narrandum\u00bb.", "pub_date": "1854-07-09T00:00:00", "author": 2, "group": null, "image": ""}}, {"model": "posts.post", "pk": 17, "fields": {"text": "\u041f\u0438\u0441\u0430\u0442\u044c \u043d\u0435 \u0445\u043e\u0447\u0435\u0442\u0441\u044f, \u0430 \u044f \u0441\u043a\u0430\u0437\u0430\u043b\u044a \u0443\u0436\u0435, \u0447\u0442\u043e \u043f\u0440\u0438\u043d\u0443\u0436\u0434\u0430\u0442\u044c \u0441\u0435\u0431\u044f \u043d\u0438 \u043a\u044a \u0447\u0435\u043c\u0443 \u043d\u0435 \u043d\u0430\u043c\u0463\u0440\u0435\u043d\u044a par parti pris. \u2014 \u041f\u043e\u044d\u0442\u043e\u043c\u0443 \u0441\u043a\u0430\u0436\u0443 \u0442\u043e\u043b\u044c\u043a\u043e, \u0447\u0442\u043e \u0447\u0438\u0442\u0430\u043b\u044a \u041b\u0430\u0444\u043e\u043d\u0442\u0435\u043d\u0430 \u0438 \u0413\u0451\u0442\u0435, \u043a\u043e\u0442\u043e\u0440\u0430\u0433\u043e \u043d\u0430\u0447\u0438\u043d\u0430\u044e \u0434\u0435\u043d\u044c \u043e\u0442\u043e \u0434\u043d\u044e \u043f\u043e\u043d\u0438\u043c\u0430\u0442\u044c \u043b\u0443\u0447\u0448\u0435, \u0438 \u043f\u0438\u0441\u0430\u043b\u044a \u043d\u0430 \u0431\u0463\u043b\u043e \u0417[\u0430\u043f\u0438\u0441\u043a\u0438] \u0424[\u0435\u0435\u0440\u0432\u0435\u0440\u043a\u0435\u0440\u0430] \u043e\u0447\u0435\u043d\u044c \u043c\u0430\u043b\u043e \u0438 \u043b\u0463\u043d\u0438\u0432\u043e, \u0437\u0430 \u0447\u0442\u043e \u0438 \u0434\u0463\u043b\u0430\u044e \u0441\u0435\u0431\u0463 \u0443\u043f\u0440\u0435\u043a\u044a. (1)", "pub_date": "1854-07-10T00:00:00", "author": 2, "group": null, "image": ""}}, {"model": "posts.post", "pk": 18, "fields": {"text": "\u041f\u0435\u0440\u0435\u0447\u0438\u0442\u044b\u0432\u0430\u043b\u044a \u0413\u0435\u0440\u043e\u044f \u043d\u0430\u0448\u0435\u0433\u043e \u0432\u0440\u0435\u043c\u0435\u043d\u0438, \u0447\u0438\u0442\u0430\u043b\u044a \u0413\u0451\u0442\u0435 \u0438 \u0442\u043e\u043b\u044c\u043a\u043e \u043f\u0435\u0440\u0435\u0434\u044a \u0432\u0435\u0447\u0435\u0440\u043e\u043c\u044a \u043d\u0430\u043f\u0438\u0441\u0430\u043b\u044a \u043e\u0447\u0435\u043d\u044c \u043c\u0430\u043b\u043e. \u041f\u043e\u0447\u0435\u043c\u0443? \u041b\u0463\u043d\u044c, \u043d\u0435\u0440\u0463\u0448\u0438\u0442\u0435\u043b\u044c\u043d\u043e\u0441\u0442\u044c \u0438 \u0441\u0442\u0440\u0430\u0441\u0442\u044c \u0441\u043c\u043e\u0442\u0440\u0463\u0442\u044c \u0441\u0432\u043e\u0438 \u0443\u0441\u044b \u0438 \u0444\u0438\u0441\u0442\u0443\u043b\u044b. \u0417\u0430 \u0447\u0442\u043e \u0438 \u0434\u0463\u043b\u0430\u044e \u0441\u0435\u0431\u0463 2 \u0443\u043f\u0440\u0435\u043a\u0430. \u041d\u044b\u043d\u0447\u0435 \u0411\u0430\u0431\u0430\u0440\u044b\u043a\u0438\u043d\u0443, \u043a\u043e\u0442\u043e\u0440\u044b\u0439 \u0431\u044b\u043b\u044a \u0442\u0443\u0442\u044a \u0438 \u0463\u0434\u0435\u0442\u044a \u043a\u044a \u0413\u0435\u043d\u0435\u0440\u0430\u043b\u0443, \u043f\u043e\u0440\u0443\u0447\u0438\u043b\u044a \u0441\u0432\u043e\u0439 \u0440\u0430\u043f\u043e\u0440\u0442\u044a \u043e \u043f\u0435\u0440\u0435\u0432\u043e\u0434\u0463. \u0415\u0449\u0435 \u0443\u043f\u0440\u0435\u043a\u044a \u0437\u0430 \u0442\u043e, \u0447\u0442\u043e \u043f\u043e\u0441\u043c\u0463\u044f\u043b\u0441\u044f \u043d\u0430\u0434\u044a \u041e\u043b\u0445\u0438\u043d\u044b\u043c\u044a \u043f\u0440\u0438 \u0411\u0430\u0431\u0430\u0440\u044b\u043a\u0438\u043d\u0463. (3)", "pub_date": "1854-07-11T00:00:00", "author": 2, "group": null, "image": ""}}, {"model": "posts.post", "pk": 19, "fields": {"text": "\u0423\u0442\u0440\u043e\u043c\u044a \u041e\u043b\u0445\u0438\u043d\u044a \u043f\u0440\u0438\u0448\u0435\u043b\u044a \u043c\u043d\u0463 \u043e\u0431\u044a\u044f\u0432\u0438\u0442\u044c, \u0447\u0442\u043e \u043e\u043d\u044a \u0463\u0434\u0435\u0442\u044a \u0432\u044a \u041b\u0435\u043e\u0432\u043e, \u0438 \u0445\u043e\u0442\u0463\u043b\u044a \u043f\u043e\u0440\u0443\u0447\u0438\u0442\u044c \u0441\u0432\u043e\u0438\u0445\u044a \u043b\u043e\u0448\u0430\u0434\u0435\u0439 \u0438 \u0432\u0435\u0449\u0438, \u043e\u0442\u044a \u0447\u0435\u0433\u043e \u044f \u043d\u0435\u0432\u043e\u043b\u044c\u043d\u043e \u043e\u0442\u0434\u0463\u043b\u0430\u043b\u0441\u044f, \u0441\u043a\u0430\u0437\u0430\u0432\u044a \u0435\u043c\u0443, \u0447\u0442\u043e \u0443 \u043c\u0435\u043d\u044f \u043d\u0463\u0442\u044a \u0434\u0435\u043d\u0435\u0433\u044a. \u2014 \u0412\u044a \u0441\u0430\u043c\u043e\u043c\u044a \u0434\u0463\u043b\u0463 \u044f \u043e\u043f\u044f\u0442\u044c \u0432\u044a \u0441\u0430\u043c\u043e\u043c\u044a \u0437\u0430\u0442\u0440\u0443\u0434\u043d\u0438\u0442\u0435\u043b\u044c\u043d\u043e\u043c\u044a \u0434\u0435\u043d\u0435\u0436\u043d\u043e\u043c\u044a \u043f\u043e\u043b\u043e\u0436\u0435\u043d\u0456\u0438: \u043d\u0438 \u043a\u043e\u043f\u0435\u0439\u043a\u0438, \u043f\u043e \u043a\u0440\u0430\u0439\u043d\u0435\u0439 \u043c\u0463\u0440\u0463 \u0434\u043e \u043f\u043e\u043b\u043e\u0432\u0438\u043d\u044b \u0410\u0432\u0433\u0443\u0441\u0442\u0430, \u043d\u0435 \u043f\u0440\u0435\u0434\u0432\u0438\u0434\u0438\u0442\u0441\u044f \u043d\u0438 \u043e\u0442\u043a\u0443\u0434\u0430, \u0438\u0441\u043a\u043b\u044e\u0447\u0430\u044f \u0444\u0443\u0440\u0430\u0436\u043d\u044b\u0445\u044a, \u0438 \u0434\u043e\u043b\u0436\u0435\u043d\u044a \u0414\u043e\u043a\u0442\u043e\u0440\u0443. \u041d\u0435 \u043f\u0440\u0435\u0434\u0432\u0438\u0434\u0438\u0442\u0441\u044f, \u044f \u0433\u043e\u0432\u043e\u0440\u044e, \u043f\u043e\u0442\u043e\u043c\u0443 \u0447\u0442\u043e \u043d\u044b\u043d\u0447\u0435 \u043f\u043e\u043b\u0443\u0447\u0438\u043b\u044a \u0421\u043e\u0432\u0440\u0435\u043c\u0435\u043d\u043d\u0438\u043a\u044a \u0438 \u0443\u0431\u0463\u0436\u0434\u0435\u043d\u044a, \u0447\u0442\u043e \u0440\u0443\u043a\u043e\u043f\u0438\u0441\u0438 \u043c\u043e\u0438 \u0441\u0438\u0434\u044f\u0442\u044a \u0433\u0434\u0463 \u043d\u0438\u0431\u0443\u0434\u044c \u0432\u044a \u0442\u0430\u043c\u043e\u0436\u043d\u0463. \u042d\u0442\u043e \u0434\u0463\u043b\u043e \u044f \u0440\u0430\u0437\u044a\u044f\u0441\u043d\u044e, \u043a\u0430\u043a\u044a \u0432\u044b\u0437\u0434\u043e\u0440\u043e\u0432\u043b\u044e. \u0412\u0435\u0447\u0435\u0440\u043e\u043c\u044a \u044f \u0438\u043c\u0463\u043b\u044a \u0441\u043b\u0443\u0447\u0430\u0439 \u0438\u0441\u043f\u044b\u0442\u0430\u0442\u044c \u0432\u043e\u043e\u0431\u0440\u0430\u0436\u0430\u0435\u043c\u043e\u0441\u0442\u044c \u0441\u0432\u043e\u0435\u0433\u043e \u043f\u0435\u0440\u0435\u0440\u043e\u0436\u0434\u0435\u043d\u0456\u044f \u043a\u044a \u0432\u0435\u0441\u0435\u043b\u043e\u0439 \u0436\u0438\u0437\u043d\u0438. \u0425\u043e\u0437\u044f\u0439\u0441\u043a\u0430\u044f \u043f\u0440\u0435\u0445\u043e\u0440\u043e\u0448\u0435\u043d\u044c\u043a\u0430\u044f \u0437\u0430\u043c\u0443\u0436\u043d\u044f\u044f \u0434\u043e\u0447\u044c, \u043a\u043e\u0442\u043e\u0440\u0430\u044f \u0431\u0435\u0437\u044a \u043f\u0430\u043c\u044f\u0442\u0438 \u0433\u043b\u0443\u043f\u043e \u043a\u043e\u043a\u0435\u0442\u043d\u0438\u0447\u0430\u043b\u0430 \u0441\u043e \u043c\u043d\u043e\u0439, \u043f\u043e\u0434\u0463\u0439\u0441\u0442\u0432\u043e\u0432\u0430\u043b\u0430 \u043d\u0430 \u043c\u0435\u043d\u044f \u2014 \u043a\u0430\u043a\u044a \u044f \u043d\u0438 \u043f\u0440\u0438\u043d\u0443\u0436\u0434\u0430\u043b\u044a \u0441\u0435\u0431\u044f \u2014 \u043a\u0430\u043a\u044a \u0438 \u0432 \u0441\u0442\u0430\u0440\u0438\u043d\u0443, \u0442. \u0435. \u044f \u0441\u0442\u0440\u0430\u0434\u0430\u043b\u044a \u0443\u0436\u0430\u0441\u043d\u043e \u043e\u0442\u044a \u0441\u0442\u044b\u0434\u043b\u0438\u0432\u043e\u0441\u0442\u0438.\n\n\u041d\u044b\u043d\u0447\u0435 \u0432\u044a \u0440\u0430\u0437\u0433\u043e\u0432\u043e\u0440\u0463 \u0441\u044a \u0414\u043e\u043a\u0442\u043e\u0440\u043e\u043c\u044a \u0438\u0437\u0447\u0435\u0437\u044a \u0433\u043b\u0443\u043f\u044b\u0439 \u2014 \u0438 \u043d\u0435\u0441\u043f\u0440\u0430\u0432\u0435\u0434\u043b\u0438\u0432\u044b\u0439 \u0432\u0437\u0433\u043b\u044f\u0434\u044a, \u043a\u043e\u0442\u043e\u0440\u044b\u0439 \u044f \u0438\u043c\u0463\u043b\u044a \u043d\u0430 \u0412\u0430\u043b\u0430\u0445\u043e\u0432\u044a \u2014 \u0432\u0437\u0433\u043b\u044f\u0434\u044a, \u043e\u0431\u0449\u0456\u0439 \u0432\u0441\u0435\u0439 \u0430\u0440\u043c\u0456\u0438 \u0438 \u0437\u0430\u0438\u043c\u0441\u0442\u0432\u043e\u0432\u0430\u043d\u043d\u044b\u0439 \u043c\u043d\u043e\u0439 \u043e\u0442\u044a \u0434\u0443\u0440\u0430\u043a\u043e\u0432\u044a, \u0441\u044a \u043a\u043e\u0442\u043e\u0440\u044b\u043c\u0438 \u044f \u0434\u043e \u0441\u0438\u0445\u044a \u043f\u043e\u0440\u044a \u0432\u043e\u0434\u0438\u043b\u0441\u044f. \u2014 \u0421\u0443\u0434\u044c\u0431\u0430 \u044d\u0442\u0430\u0433\u043e \u043d\u0430\u0440\u043e\u0434\u0430 \u043c\u0438\u043b\u0430 \u0438 \u043f\u0435\u0447\u0430\u043b\u044c\u043d\u0430. \u0427\u0438\u0442\u0430\u043b\u044a \u044f \u043d\u044b\u043d\u0447\u0435 \u0438 \u0413\u0451\u0442\u0435 \u0438 \u041b\u0435\u0440\u043c\u0430\u043d\u0442\u043e\u0432\u0430 \u0434\u0440\u0430\u043c\u0443, \u0432\u044a \u043a\u043e\u0442\u043e\u0440\u043e\u0439 \u043d\u0430\u0448\u0435\u043b\u044a \u043c\u043d\u043e\u0433\u043e \u043d\u043e\u0432\u0430\u0433\u043e, \u0445\u043e\u0440\u043e\u0448\u0430\u0433\u043e, \u0438 \u0425\u043e\u043b\u043e\u0434\u043d\u044b\u0439 \u0434\u043e\u043c\u044a \u0414\u0438\u043a\u0435\u043d\u0441\u0430. \u0412\u043e\u0442\u044a \u0443\u0436\u044a 2-\u0439 \u0434\u0435\u043d\u044c, \u0447\u0442\u043e \u044f \u043f\u043e\u043a\u0443\u0448\u0430\u044e\u0441\u044c \u0441\u043e\u0447\u0438\u043d\u044f\u0442\u044c \u0441\u0442\u0438\u0445\u0438. \u041f\u043e\u0441\u043c\u043e\u0442\u0440\u0438\u043c\u044a, \u0447\u0442\u043e \u0438\u0437\u044a \u044d\u0442\u0430\u0433\u043e \u0432\u044b\u0439\u0434\u0435\u0442\u044a. \u2014\n\n\u0423\u043f\u0440\u0435\u043a\u043d\u0443\u0442\u044c \u0434\u043e\u043b\u0436\u0435\u043d\u044a \u0441\u0435\u0431\u044f \u043d\u044b\u043d\u0447\u0435 \u0442\u043e\u043b\u044c\u043a\u043e \u0437\u0430 \u043b\u0463\u043d\u044c, \u0445\u043e\u0442\u044f \u043f\u0438\u0441\u0430\u043b\u044a \u0438 \u043e\u0431\u0434\u0443\u043c\u0430\u043b\u044a \u0432\u043f\u0435\u0440\u0435\u0434\u044a \u043c\u043d\u043e\u0433\u043e \u0445\u043e\u0440\u043e\u0448\u0430\u0433\u043e, \u043d\u043e \u0441\u043b\u0438\u0448\u043a\u043e\u043c\u044a \u043c\u0430\u043b\u043e \u0438 \u043b\u0463\u043d\u0438\u0432\u043e. (1)", "pub_date": "1854-07-11T00:00:00", "author": 2, "group": null, "image": ""}}, {"model": "posts.post", "pk": 20, "fields": {"text": "\u0421\u044a \u0443\u0442\u0440\u0430 \u0447\u0443\u0432\u0441\u0442\u0432\u043e\u0432\u0430\u043b\u044a \u0432\u044a \u0433\u043e\u043b\u043e\u0432\u0463 \u0442\u044f\u0436\u0435\u0441\u0442\u044c \u0438 \u043d\u0435 \u043c\u043e\u0433\u044a \u043f\u0440\u0435\u043e\u0434\u043e\u043b\u0463\u0442\u044c \u0441\u0435\u0431\u044f, \u0447\u0442\u043e\u0431\u044b \u0437\u0430\u043d\u0438\u043c\u0430\u0442\u044c\u0441\u044f. \u0412\u0435\u0441\u044c \u0434\u0435\u043d\u044c \u0447\u0438\u0442\u0430\u043b\u044a \u0421\u043e\u0432\u0440\u0435\u043c\u0435\u043d\u043d\u0438\u043a\u044a. \u042d\u0441\u0444\u0438\u0440\u044c (\u0425\u043e\u043b\u043e\u0434\u043d\u044b\u0439 \u0434\u043e\u043c\u044a) \u0433\u043e\u0432\u043e\u0440\u0438\u0442\u044a, \u0447\u0442\u043e \u0434\u0463\u0442\u0441\u043a\u0430\u044f \u043c\u043e\u043b\u0438\u0442\u0432\u0430 \u0435\u044f \u0441\u043e\u0441\u0442\u043e\u044f\u043b\u0430 \u0432\u044a \u043e\u0431\u0463\u0449\u0430\u043d\u0456\u0438, \u043a\u043e\u0442\u043e\u0440\u043e\u0435 \u043e\u043d\u0430 \u0434\u0430\u043b\u0430 \u0411\u043e\u0433\u0443 1) \u0432\u0441\u0435\u0433\u0434\u0430 \u0431\u044b\u0442\u044c \u0442\u0440\u0443\u0434\u043e\u043b\u044e\u0431\u0438\u0432\u043e\u0439, 2) \u0447\u0438\u0441\u0442\u043e\u0441\u0435\u0440\u0434\u0435\u0447\u043d\u043e\u0439, 3) \u0434\u043e\u0432\u043e\u043b\u044c\u043d\u043e\u0439 \u0438 4) \u0441\u0442\u0430\u0440\u0430\u0442\u044c\u0441\u044f \u0441\u043d\u0438\u0441\u043a\u0438\u0432\u0430\u0442\u044c \u043b\u044e\u0431\u043e\u0432\u044c \u0432\u0441\u0463\u0445\u044a \u043e\u043a\u0440\u0443\u0436\u0430\u044e\u0449\u0438\u0445\u044a \u0435\u0435.\n\n\u041a\u0430\u043a\u044a \u043f\u0440\u043e\u0441\u0442\u044b, \u043a\u0430\u043a\u044a \u043c\u0438\u043b\u044b, \u0443\u0434\u043e\u0431\u043e\u0438\u0441\u043f\u043e\u043b\u043d\u0438\u043c\u044b \u0438 \u0432\u0435\u043b\u0438\u043a\u0438 \u044d\u0442\u0438 4 \u043f\u0440\u0430\u0432\u0438\u043b\u0430. \u0412\u0435\u0447\u0435\u0440\u043e\u043c\u044a \u043f\u043e\u0437\u0432\u0430\u043b\u044a \u043a\u044a \u0441\u0435\u0431\u0463 \u0410\u043d\u0442\u0440\u043e\u043f\u043e\u0432\u0430, \u0447\u0442\u043e\u0431\u044b \u0432\u0437\u044f\u0442\u044c \u0434\u0435\u043d\u0435\u0433\u044a, \u0438 \u0441\u043f\u043e\u0440\u0438\u043b\u044a \u0441\u044a \u043d\u0438\u043c\u044a, \u0442. \u0435. \u043f\u0440\u0438\u0441\u0443\u0442\u0441\u0442\u0432\u0456\u0435 \u0435\u0433\u043e \u0432\u043e\u0437\u0431\u0443\u0436\u0434\u0430\u043b\u043e \u043c\u043e\u0438 \u043c\u044b\u0441\u043b\u0438. \u042f \u043b\u044e\u0431\u043b\u044e \u044d\u0442\u043e, \u0445\u043e\u0442\u044f \u043a\u044a \u044d\u0442\u043e\u043c\u0443 \u043f\u0440\u0438\u043c\u0463\u0448\u0438\u0432\u0430\u0435\u0442\u0441\u044f \u0432\u0441\u0435\u0433\u0434\u0430 \u043d\u0435\u043f\u0440\u0456\u044f\u0442\u043d\u043e\u0435 \u0438 \u0434\u0443\u0440\u043d\u043e\u0435 \u0447\u0443\u0432\u0441\u0442\u0432\u043e, \u0447\u0442\u043e \u043e\u043d\u044a \u043d\u0435 \u043c\u043e\u0436\u0435\u0442\u044a \u043e\u0446\u0463\u043d\u0438\u0442\u044c \u043c\u043e\u0438\u0445\u044a \u043c\u044b\u0441\u043b\u0435\u0439. \u0417\u0430\u0448\u0435\u043b\u044a \u0438 \u0428\u0443\u0431\u0438\u043d\u044a \u0441\u044a \u0441\u0432\u043e\u0438\u043c\u044a \u0442\u0449\u0435\u0441\u043b\u0430\u0432\u043d\u043e \u0443\u043d\u0438\u0436\u0435\u043d\u043d\u044b\u043c\u044a \u043b\u0438\u0446\u043e\u043c\u044a \u0438 \u0432\u0437\u0433\u043b\u044f\u0434\u043e\u043c\u044a \u043d\u0430 \u0432\u0435\u0449\u0438. \u0417\u0430 \u0447\u0442\u043e \u044f \u044d\u0442\u043e \u043d\u0430\u043f\u0438\u0441\u0430\u043b\u044a? \u041d\u0435 \u0437\u043d\u0430\u044e. \u2014 \u0423\u043f\u0440\u0435\u043a\u0430\u044e \u0441\u0435\u0431\u044f \u0437\u0430 \u043b\u0463\u043d\u044c. (1)", "pub_date": "1854-07-12T00:00:00", "author": 2, "group": null, "image": ""}}, {"model": "posts.post", "pk": 21, "fields": {"text": "\u041c\u043e\u044f \u043c\u043e\u043b\u0438\u0442\u0432\u0430. \u00ab\u0412\u0463\u0440\u0443\u044e \u0432\u043e \u0435\u0434\u0438\u043d\u0430\u0433\u043e \u0432\u0441\u0435\u043c\u043e\u0433\u0443\u0449\u0430\u0433\u043e \u0438 \u0434\u043e\u0431\u0440\u0430\u0433\u043e \u0411\u043e\u0433\u0430, \u0432\u044a \u0431\u0435\u0437\u0441\u043c\u0435\u0440\u0442\u0456\u0435 \u0434\u0443\u0448\u0438 \u0438 \u0432\u044a \u0432\u0463\u0447\u043d\u043e\u0435 \u0432\u043e\u0437\u043c\u0435\u0437\u0434\u0456\u0435 \u043f\u043e \u0434\u0463\u043b\u0430\u043c\u044a \u043d\u0430\u0448\u0438\u043c\u044a; \u0436\u0435\u043b\u0430\u044e \u0432\u0463\u0440\u043e\u0432\u0430\u0442\u044c \u0432\u044a \u0440\u0435\u043b\u0438\u0433\u0456\u044e \u043e\u0442\u0446\u043e\u0432\u044a \u043c\u043e\u0438\u0445\u044a \u0438 \u0443\u0432\u0430\u0436\u0430\u044e \u0435\u0435\u00bb. \u2014\u2014\n\n\u00ab\u041e\u0442\u0447\u0435 \u043d\u0430\u0448\u044a\u00bb \u0438 \u0442. \u0434. \u00ab\u0417\u0430 \u0443\u043f\u043e\u043a\u043e\u0439 \u0438 \u0437\u0430 \u0441\u043f\u0430\u0441\u0435\u043d\u0456\u0435 \u0440\u043e\u0434[\u0438\u0442\u0435\u043b\u0435\u0439]\u00bb. \u00ab\u0411\u043b\u0430\u0433\u043e\u0434\u0430\u0440\u044e \u0442\u0435\u0431\u044f, \u0413\u043e\u0441\u043f\u043e\u0434\u0438 \u0437\u0430 \u043c\u0438\u043b\u043e\u0441\u0442\u0438 \u0422\u0432\u043e\u0438, \u0437\u0430 \u0442\u043e... \u0437\u0430 \u0442\u043e \u0438 \u0437\u0430 \u0442\u043e. (\u041f\u0440\u0438 \u044d\u0442\u043e\u043c\u044a \u0432\u0441\u043f\u043e\u043c\u043d\u0438 \u0432\u0441\u0435, \u0447\u0442\u043e \u0431\u044b\u043b\u043e \u0434\u043b\u044f \u0442\u0435\u0431\u044f \u0441\u0447\u0430\u0441\u0442\u043b\u0438\u0432\u0430\u0433\u043e.) \u041f\u0440\u043e\u0448\u0443, \u0432\u043d\u0443\u0448\u0438 \u043c\u043d\u0463 \u0431\u043b\u0430\u0433\u0456\u044f \u043f\u0440\u0435\u0434\u043f\u0440\u0456\u044f\u0442\u0456\u044f \u0438 \u043c\u044b\u0441\u043b\u0438, \u0438 \u0434\u0430\u0439 \u043c\u043d\u0463 \u0441\u0447\u0430\u0441\u0442\u0456\u044f \u0438 \u0443\u0441\u043f\u0463\u0445\u0430 \u0432\u044a \u043d\u0438\u0445\u044a. \u2014 \u041f\u043e\u043c\u043e\u0433\u0438 \u043c\u043d\u0463 \u0438\u0441\u043f\u0440\u0430\u0432\u043b\u044f\u0442\u044c\u0441\u044f \u043e\u0442\u044a \u043f\u043e\u0440\u043e\u043a\u043e\u0432\u044a \u043c\u043e\u0438\u0445\u044a; \u0438\u0437\u0431\u0430\u0432\u0438 \u043c\u0435\u043d\u044f \u043e\u0442\u044a \u0431\u043e\u043b\u0463\u0437\u043d\u0435\u0439, \u0441\u0442\u0440\u0430\u0434\u0430\u043d\u0456\u0439, \u0441\u0441\u043e\u0440\u044a, \u0434\u043e\u043b\u0433\u043e\u0432\u044a \u0438 \u0443\u043d\u0438\u0436\u0435\u043d\u0456\u0439. \u2014\n\n\u0414\u0430\u0440\u0443\u0439 \u043c\u043d\u0463 \u0432\u044a \u0442\u0432\u0435\u0440\u0434\u043e\u0439 \u0432\u0463\u0440\u0463 \u0438 \u043d\u0430\u0434\u0435\u0436\u0434\u0463 \u043d\u0430 \u0422\u0435\u0431\u044f, \u0432\u044a \u043b\u044e\u0431\u0432\u0438 \u043a\u044a \u0434\u0440\u0443\u0433\u0438\u043c\u044a \u0438 \u043e\u0442\u044a \u0434\u0440\u0443\u0433\u0438\u0445\u044a \u0441\u044a \u0441\u043f\u043e\u043a\u043e\u0439\u043d\u043e\u0439 \u0441\u043e\u0432\u0463\u0441\u0442\u044c\u044e \u0438 \u043f\u043e\u043b\u044c\u0437\u043e\u0439 \u0434\u043b\u044f \u0431\u043b\u0438\u0436\u043d\u044f\u0433\u043e \u0436\u0438\u0442\u044c \u0438 \u0443\u043c\u0435\u0440\u0435\u0442\u044c. \u0414\u0430\u0440\u0443\u0439 \u043c\u043d\u0463 \u0442\u0432\u043e\u0440\u0438\u0442\u044c \u0434\u043e\u0431\u0440\u043e \u0438 \u0438\u0437\u0431\u0463\u0433\u0430\u0442\u044c \u0437\u043b\u0430; \u043d\u043e \u0431\u0443\u0434\u0435\u0442\u044a \u0441\u043e \u043c\u043d\u043e\u0439 \u0434\u043e\u0431\u0440\u043e \u0438\u043b\u0438 \u0437\u043b\u043e, \u0434\u0430 \u0431\u0443\u0434\u0435\u0442\u044a \u043f\u0440\u0435\u0441\u0432\u044f\u0442\u0430\u044f \u0432\u043e\u043b\u044f \u0442\u0432\u043e\u044f! \u0414\u0430\u0440\u0443\u0439 \u043c\u043d\u0463 \u0434\u043e\u0431\u0440\u0430, \u0438\u0441\u0442\u0438\u043d\u043d\u0430\u0433\u043e! \u0413[\u043e\u0441\u043f\u043e]\u0434\u0438 \u043f\u043e\u043c\u0438\u043b\u0443\u0439! \u0413[\u043e\u0441\u043f\u043e]\u0434\u0438 \u043f\u043e\u043c\u0438\u043b\u0443\u0439, \u0413[\u043e\u0441\u043f\u043e]\u0434\u0438 \u043f\u043e\u043c\u0438\u043b\u0443\u0439! \u2014\n\n\u0423\u0442\u0440\u043e \u043e\u0447\u0435\u043d\u044c \u043f\u043e\u0437\u0434\u043d\u0435\u0435, \u043f\u043e\u0442\u043e\u043c\u0443 \u0447\u0442\u043e \u0432\u0441\u0442\u0430\u043b\u044a \u0432\u044a 10, \u0447\u0438\u0442\u0430\u043b\u044a \u043e \u0427\u0435\u0440\u043d\u043e\u0433\u043e\u0440\u0456\u0438, \u043f\u0438\u0441\u0430\u043b\u044a \u043d\u0435\u043c\u043d\u043e\u0433\u043e \u0438 \u0431\u043e\u043b\u0442\u0430\u043b\u044a \u0441\u044a \u0442\u043e\u0432\u0430\u0440\u0438\u0449\u0430\u043c\u0438, \u043a\u043e\u0442\u043e\u0440\u044b\u0435 \u0437\u0430\u0448\u043b\u0438 \u043a\u043e \u043c\u043d\u0463. \u041f\u043e\u0441\u043b\u0463 \u043e\u0431\u0463\u0434\u0430 \u0434\u043e\u043b\u0436\u0435\u043d\u044a \u0431\u044b\u043b\u044a \u043f\u0440\u0438\u043d\u0443\u0436\u0434\u0430\u0442\u044c \u0441\u0435\u0431\u044f, \u0447\u0442\u043e\u0431\u044b \u043d\u0430\u043f\u0438\u0441\u0430\u0442\u044c \u043d\u0435\u043c\u043d\u043e\u0433\u043e \u0438 \u043d\u0435 \u043e\u0442\u0447\u0435\u0442\u043b\u0438\u0432\u043e. \u0427\u0430\u0441\u043e\u0432\u044a \u0432\u044a 9 \u043f\u0440\u0456\u0463\u0445\u0430\u043b\u044a \u0411\u0430\u0440\u0442\u043e\u043b\u043e\u043c\u0435\u0439, \u0441\u044a \u043d\u0438\u043c\u044a \u044f \u0432\u044b\u0463\u0445\u0430\u043b\u044a \u0432\u044a \u043f\u0435\u0440\u0432\u044b\u0439 \u0440\u0430\u0437\u044a, \u0431\u044b\u043b\u044a \u0432\u044a \u0425\u0435\u0440\u0435\u0441\u0442\u0440\u0435\u0443 \u0438 \u0431\u043e\u043b\u0442\u0430\u043b\u044a \u0434\u043e 12. \u041c\u043e\u0433\u044a \u0431\u044b \u0443\u043f\u0440\u0435\u043a\u043d\u0443\u0442\u044c \u0441\u0435\u0431\u044f \u0437\u0430 \u043b\u0463\u043d\u044c, \u043d\u043e \u043f\u0440\u0438\u043d\u044f\u0432\u044a \u0432\u043e \u0432\u043d\u0438\u043c\u0430\u043d\u0456\u0435 \u0441\u0442\u0430\u0440\u0430\u043d\u0456\u0435 \u0438 \u0431\u043e\u043b\u0463\u0437\u043d\u044c \u2014 \u043f\u0440\u043e\u0449\u0430\u044e, \u043d\u043e \u2014\u043f\u043e\u0434\u043b\u043e\u0441\u0442\u044c, \u043a\u043e\u0433\u0434\u0430 \u044f \u043f\u043e\u043f\u0440\u043e\u0441\u0438\u043b\u044a \u0414\u043e\u043a\u0442\u043e\u0440\u0430 \u0440\u0430\u0437\u0440\u0463\u0437\u0430\u0442\u044c \u043c\u043d\u0463 \u0434\u044b\u0440\u043e\u0447\u043a\u0443 \u0438 \u043f\u043e\u0442\u043e\u043c\u044a \u0438\u0441\u043f\u0443\u0433\u0430\u043b\u0441\u044f \u0438 \u043f\u0440\u043e\u0441\u0438\u043b\u044a \u043e\u0442\u043b\u043e\u0436\u0438\u0442\u044c, \u0441\u0442\u043e\u0438\u0442\u044a \u043f\u0430\u043b\u043e\u043a\u044a, \u043f\u043b\u0435\u0442\u0435\u0439. (1)", "pub_date": "1854-07-13T00:00:00", "author": 2, "group": null, "image": ""}}, {"model": "posts.post", "pk": 22, "fields": {"text": "\u0423\u0442\u0440\u043e\u043c\u044a, \u043a\u0440\u043e\u043c\u0463 \u043e\u0431\u044b\u043a\u043d\u043e\u0432\u0435\u043d\u043d\u0430\u044f \u0447\u0442\u0435\u043d\u0456\u044f \u0413\u0451\u0442\u0435 \u0438 \u043f\u043e\u0434\u0432\u0435\u0440\u0442\u044b\u0432\u0430\u0432\u0448\u0438\u0445\u0441\u044f \u043a\u043d\u0438\u0436\u043e\u043d\u043e\u043a\u044a, \u043d\u0430\u043f\u0438\u0441\u0430\u043b\u044a \u0416\u0434\u0430\u043d\u043e\u0432\u0430, \u043d\u043e \u043d\u0430\u0441\u0447\u0435\u0442\u044a \u043b\u0438\u0447\u043d\u043e\u0441\u0442\u0438 \u0412\u0435\u043b\u0438\u043d\u0447\u0443\u043a\u0430 \u0432\u0441\u0435 \u0435\u0449\u0435 \u043d\u0435 \u0440\u0463\u0448\u0438\u043b\u0441\u044f. \u2014 \u041d\u044b\u043d\u0447\u0435 \u043e\u043f\u044f\u0442\u044c \u0440\u0463\u0437\u0430\u043b\u0438 \u043c\u043d\u0463 \u043f\u0430\u0445\u044a \u0438 \u043e\u043f\u044f\u0442\u044c \u044f \u043f\u0440\u0438\u043d\u0438\u043c\u0430\u043b\u044a \u043a\u043b\u043e\u0440\u043e\u0444\u043e\u0440\u043c\u044a. \u0412\u043f\u0435\u0447\u0430\u0442\u043b\u0463\u043d\u0456\u0435 \u0431\u044b\u043b\u043e \u0443\u0436\u044a \u043d\u0435 \u0442\u0430\u043a\u044a \u043d\u0435\u043f\u0440\u0456\u044f\u0442\u043d\u043e, \u043d\u043e \u0442\u0430\u043a\u044a \u0441\u0442\u0440\u0430\u043d\u043d\u043e \u2014 \u044f \u0441\u043b\u044b\u0448\u0430\u043b\u044a \u0437\u0432\u043e\u043d\u044a \u0438\u043d\u0441\u0442\u0440\u0443\u043c\u0435\u043d\u0442\u043e\u0432\u044a, \u043d\u043e \u043d\u0435 \u0441\u043b\u044b\u0445\u0430\u043b\u044a \u0431\u043e\u043b\u0438. \u0412\u0435\u0447\u0435\u0440\u044a \u0441\u0438\u0434\u0463\u043b\u0438 \u0443 \u043c\u0435\u043d\u044f \u041d\u043e\u0432\u0435\u0440\u0435\u0436\u0441\u043a\u0456\u0439, \u0428\u0443\u0431\u0438\u043d\u044a \u0438 \u0410\u043d\u0442\u0440\u043e\u043f\u043e\u0432\u044a. \u041f\u043e\u043b\u0443\u0447\u0438\u043b\u044a \u043f\u0438\u0441\u044c\u043c\u043e \u043e\u0442\u044a \u0441\u0442\u0430\u0440\u043e\u0441\u0442\u044b: \u0426\u0432\u0463\u0442\u043a\u043e\u0432\u044a \u0422\u0435\u0440\u0435\u043d\u0442\u0456\u0439 \u0438 2 \u0434\u0432\u043e\u0440\u043e\u0432\u044b\u0435 \u043f\u043e\u0439\u0434\u0443\u0442\u044a \u0432\u044a \u0440\u0435\u043a\u0440[\u0443\u0442\u044b], \u0432\u044b\u0431\u043e\u0440\u044a \u0445\u043e\u0440\u043e\u0448\u044a. \u0421\u0442\u0430\u0440\u044b\u0439 \u0411\u0430\u0448\u0438\u0431\u0443\u0437\u0443\u043a\u044a \u043d\u0435\u043f\u0440\u0435\u043c\u0463\u043d\u043d\u043e \u0445\u043e\u0447\u0435\u0442\u044a, \u043f\u0440\u0435\u0436\u0434\u0435 \u0447\u0463\u043c\u044a \u043f\u0443\u0441\u0442\u0438\u0442\u044c \u0432\u044a \u0445\u043e\u0434\u044a \u043c\u043e\u0439 \u043f\u0435\u0440\u0435\u0432\u043e\u0434\u044a, \u0438\u0437\u0432\u0463\u0441\u0442\u0438\u0442\u044c \u043e \u0442\u043e\u043c\u044a \u041a\u043d\u044f\u0437\u044f. \u041d\u0435 \u043f\u043e\u0434\u0443\u043c\u0430\u0442\u044c \u043b\u0438 \u043c\u043d\u0463 \u043e \u044d\u0442\u043e\u043c\u044a \u043f\u0435\u0440\u0435\u0432\u043e\u0434\u0463? \u041c\u043e\u0436\u0435\u0442\u044a \u0431\u044b\u0442\u044c \u044f \u043d\u0435 \u043f\u0435\u0440\u0435\u0440\u0430\u0431\u043e\u0442\u0430\u044e \u0441\u0432\u043e\u0439 \u0445\u0430\u0440\u0430\u043a\u0442\u0435\u0440\u044a, a \u0441\u0434\u0463\u043b\u0430\u044e \u0442\u043e\u043b\u044c\u043a\u043e \u043e\u0434\u043d\u0443 \u0438 \u0432\u0430\u0436\u043d\u0443\u044e \u0433\u043b\u0443\u043f\u043e\u0441\u0442\u044c \u0438\u0437\u044a \u0436\u0435\u043b\u0430\u043d\u0456\u044f \u043f\u0435\u0440\u0435\u0440\u0430\u0431\u043e\u0442\u0430\u0442\u044c \u0435\u0433\u043e. \u0415\u0441\u0442\u044c-\u043b\u0438 \u043d\u0435\u0440\u0463\u0448\u0438\u0442\u0435\u043b\u044c\u043d\u043e\u0441\u0442\u044c \u043a\u0430\u043f\u0438\u0442\u0430\u043b\u044c\u043d\u043e\u0439 \u043d\u0435\u0434\u043e\u0441\u0442\u0430\u0442\u043e\u043a\u044a \u2014 \u0442\u0430\u043a\u043e\u0439, \u043e\u0442\u044a \u043a\u043e\u0442\u043e\u0440\u0430\u0433\u043e \u043d\u0443\u0436\u043d\u043e \u0438\u0441\u043f\u0440\u0430\u0432\u043b\u044f\u0442\u044c\u0441\u044f? \u041d\u0435 \u0435\u0441\u0442\u044c \u043b\u0438 \u0434\u0432\u0430 \u0440\u043e\u0434\u0430 \u0445\u0430\u0440\u0430\u043a\u0442\u0435\u0440\u043e\u0432\u044a \u043e\u0434\u0438\u043d\u0430\u043a\u043e\u0432\u043e \u0434\u043e\u0441\u0442\u043e\u0439\u043d\u044b\u0435: \u043e\u0434\u043d\u0438 \u0440\u0463\u0448\u0438\u0442\u0435\u043b\u044c\u043d\u044b\u0435, \u0434\u0440\u0443\u0433\u0456\u0435 \u043e\u0431\u0434\u0443\u043c\u0430\u043d\u043d\u044b\u0435? \u041d\u0435 \u043f\u0440\u0438\u043d\u0430\u0434\u043b\u0435\u0436\u0443 [\u043b\u0438] \u044f \u043a\u044a \u043f\u043e\u0441\u043b\u0463\u0434\u043d\u0438\u043c\u044a? \u0418 \u0436\u0435\u043b\u0430\u043d\u0456\u0435 \u043c\u043e\u0435 \u0438\u0441\u043f\u0440\u0430\u0432\u0438\u0442\u044c\u0441\u044f \u043d\u0435 \u0435\u0441\u0442\u044c \u043b\u0438 \u0436\u0435\u043b\u0430\u043d\u0456\u0435 \u0431\u044b\u0442\u044c \u0442\u0463\u043c\u044a, \u0447\u0463\u043c\u044a \u044f \u043d\u0435 \u0435\u0441\u043c\u044c, \u043a\u0430\u043a\u044a \u0433\u043e\u0432\u043e\u0440\u0438\u0442\u044a A[lphonse] Karr. \u041c\u043d\u0463 \u043a\u0430\u0436\u0435\u0442\u0441\u044f, \u0447\u0442\u043e \u044d\u0442\u043e \u043f\u0440\u0430\u0432\u0434\u0430. \u0415\u0441\u0442\u044c \u043d\u0435\u0434\u043e\u0441\u0442\u0430\u0442\u043a\u0438 \u0431\u043e\u043b\u0463\u0435 \u043f\u043e\u043b\u043e\u0436\u0438\u0442\u0435\u043b\u044c\u043d\u044b\u044f (\u0430\u0431\u0441\u043e\u043b\u044e\u0442\u043d\u044b\u044f), \u043a\u0430\u043a\u044a \u0442\u043e \u043b\u0463\u043d\u044c, \u043b\u043e\u0436\u044c, \u0440\u0430\u0437\u0434\u0440\u0430\u0436\u0438\u0442\u0435\u043b\u044c\u043d\u043e\u0441\u0442\u044c, \u044d\u0433\u043e\u0438\u0437\u043c\u044a, \u043a\u043e\u0442\u043e\u0440\u044b\u044f \u0432\u0441\u0435\u0433\u0434\u0430 \u043d\u0435\u0434\u043e\u0441\u0442\u0430\u0442\u043a\u0438. \u2014\u2014\u2014\u2014\u2014", "pub_date": "1854-07-14T00:00:00", "author": 2, "group": null, "image": ""}}, {"model": "posts.post", "pk": 23, "fields": {"text": "\u0420\u0430\u043d\u043e \u043d\u044b\u043d\u0447\u0435 \u0440\u0430\u0437\u0431\u0443\u0434\u0438\u043b\u044a \u043c\u0435\u043d\u044f \u0414\u043e\u043a\u0442\u043e\u0440\u044a, \u0438 \u0431\u043b\u0430\u0433\u043e\u0434\u0430\u0440\u044f \u044d\u0442\u043e\u043c\u0443 \u0441\u043b\u0443\u0447\u0430\u044e, \u044f \u043d\u0430\u043f\u0438\u0441\u0430\u043b\u044a \u0432\u044a \u0443\u0442\u0440\u043e \u0434\u043e\u0432\u043e\u043b\u044c\u043d\u043e \u043c\u043d\u043e\u0433\u043e \u2014 \u0432\u0441\u0435 \u043f\u0435\u0440\u0435\u0434\u0463\u043b\u044b\u0432\u0430\u043b\u044a \u0441\u0442\u0430\u0440\u043e\u0435 \u2014 \u043e\u043f\u0438\u0441\u0430\u043d\u0456\u0435 \u0441\u043e\u043b\u0434\u0430\u0442\u044a. \u2014 \u0412\u0435\u0447\u0435\u0440\u043e\u043c\u044a \u0442\u043e\u0436\u0435 \u043f\u043e\u043f\u0438\u0441\u0430\u043b\u044a \u043d\u0435\u043c\u043d\u043e\u0433\u043e \u0438 \u0447\u0438\u0442\u0430\u043b\u044a Verschw\u00f6rung von Viesko. \u042f \u043d\u0430\u0447\u0438\u043d\u0430\u044e \u043f\u043e\u043d\u0438\u043c\u0430\u0442\u044c \u0434\u0440\u0430\u043c\u0443 \u0432\u043e\u043e\u0431\u0449\u0435. \u0425\u043e\u0442\u044f \u0432\u044a \u044d\u0442\u043e\u043c\u044a \u044f \u0438\u0434\u0443 \u0441\u043e\u0432\u0435\u0440\u0448\u0435\u043d\u043d\u043e \u043f\u0440\u043e\u0442\u0438\u0432\u0443\u043f\u043e\u043b\u043e\u0436\u043d\u044b\u043c\u044a \u043f\u0443\u0442\u0435\u043c\u044a \u0431\u043e\u043b\u044c\u0448\u0438\u043d\u0441\u0442\u0432\u0443, \u044f \u0434\u043e\u0432\u043e\u043b\u0435\u043d\u044a \u044d\u0442\u0438\u043c\u044a \u043a\u0430\u043a\u044a \u0441\u0440\u0435\u0434\u0441\u0442\u0432\u043e\u043c\u044a, \u0434\u0430\u044e\u0449\u0438\u043c\u044a \u043c\u043d\u0463 \u043d\u043e\u0432\u043e\u0435 \u043f\u043e\u044d\u0442\u0438\u0447\u0435\u0441\u043a\u043e\u0435 \u043d\u0430\u0441\u043b\u0430\u0436\u0434\u0435\u043d\u0456\u0435. \u041f\u043e\u0441\u043b\u0463 \u0447\u0430\u044f \u0437\u0430\u0448\u0435\u043b\u044a \u043a\u043e \u043c\u043d\u0463 \u0428\u0443\u0431\u0438\u043d\u044a, \u0422\u0438\u0448\u043a\u0435\u0432\u0438\u0447\u044a \u0438 \u0412\u0435\u0440\u0436\u0431\u0438\u0446\u043a\u0456\u0439, \u043a\u043e\u0442\u043e\u0440\u044b\u0439 \u043c\u043d\u043e\u0433\u043e \u0438\u043d\u0442\u0435\u0440\u0435\u0441\u043d\u0430\u0433\u043e \u043c\u043d\u0463 \u043f\u0440\u0435\u043a\u0440\u0430\u0441\u043d\u043e \u0440\u0430\u0437\u0441\u043a\u0430\u0437\u044b\u0432\u0430\u043b\u044a \u043f\u0440\u043e \u0434\u0463\u043b\u043e \u043f\u043e\u0434\u044a \u0421\u043b\u043e\u0431\u043e\u0434\u0437\u0435\u0435\u0439. \u042f \u043e\u0447\u0435\u043d\u044c \u043d\u0435\u0434\u043e\u0432\u043e\u043b\u0435\u043d\u044a \u0441\u043e\u0431\u043e\u0439, \u043f\u0435\u0440\u0432\u043e\u0435 \u0437\u0430 \u0442\u043e, \u0447\u0442\u043e \u0441\u0440\u044b\u0432\u0430\u043b\u044a \u0446\u0463\u043b\u044b\u0439 \u0434\u0435\u043d\u044c \u043f\u0440\u044b\u0449\u0438, \u043a\u043e\u0442\u043e\u0440\u044b\u043c\u0438 \u0443 \u043c\u0435\u043d\u044f \u043f\u043e\u043a\u0440\u044b\u0442\u043e \u043b\u0438\u0446\u043e \u0438 \u0442\u0463\u043b\u043e \u0438 \u043d\u043e\u0441\u044a, \u0447\u0442\u043e \u043d\u0430\u0447\u0438\u043d\u0430\u0435\u0442\u044a \u043c\u0443\u0447\u0438\u0442\u044c \u043c\u0435\u043d\u044f, \u0438 \u0432\u0442\u043e\u0440\u043e\u0435, \u0437\u0430 \u0433\u043b\u0443\u043f\u043e\u0435 \u0431\u0463\u0448\u0435\u043d\u0441\u0442\u0432\u043e, \u043a\u043e\u0442\u043e\u0440\u043e\u0435 \u0432\u0434\u0440\u0443\u0433\u044a \u043d\u0430\u043f\u0430\u043b\u043e \u043d\u0430 \u043c\u0435\u043d\u044f \u0437\u0430 \u043e\u0431\u0463\u0434\u043e\u043c\u044a \u043d\u0430 \u0410\u043b\u0435\u0448\u043a\u0443. (2) \u2014\u2014\u2014\u2014\u2014\u2014\u2014\u2014\u2014\u2014\u2014\u2014\u2014\u2014\u2014\u2014", "pub_date": "1854-07-15T00:00:00", "author": 2, "group": null, "image": ""}}, {"model": "posts.post", "pk": 24, "fields": {"text": "\u0421\u044a 10 \u0447\u0430\u0441\u043e\u0432\u044a \u0434\u043e 2 \u043f\u0438\u0441\u0430\u043b\u044a \u043f\u0440\u0438\u0441\u0442\u0430\u043b\u044c\u043d\u043e \u0438 \u043e\u043a\u043e\u043d\u0447\u0438\u043b\u044a \u043e\u043f\u0438\u0441\u0430\u043d\u0456\u0435 \u0441\u043e\u043b\u0434\u0430\u0442\u044a; \u0437\u0430 \u0442\u043e \u0434\u0430\u043b\u044c\u0448\u0435 \u0438\u0434\u0435\u0442\u044a \u0442\u0443\u0433\u043e. \u0411\u044b\u043b\u044a \u0432\u0435\u0447\u0435\u0440\u043e\u043c\u044a \u0443 \u043c\u0435\u043d\u044f \u0414. \u0413\u043e\u0440\u0447\u0430\u043a\u043e\u0432\u044a, \u0438 \u0434\u0440\u0443\u0436\u0431\u0430, \u043a\u043e\u0442\u043e\u0440\u0443\u044e \u043e\u043d\u044a \u043f\u043e\u043a\u0430\u0437\u0430\u043b\u044a \u043c\u043d\u0463, \u043f\u0440\u043e\u0438\u0437\u0432\u0435\u043b\u0430 \u044d\u0442\u043e \u0441\u043b\u0430\u0432\u043d\u043e\u0435 \u0437\u0430\u043c\u0438\u0440\u0430\u043d\u0456\u0435 \u0441\u0435\u0440\u0434\u0446\u0430, \u043a\u043e\u0442\u043e\u0440\u043e\u0435 \u043f\u0440\u043e\u0438\u0437\u0432\u043e\u0434\u0438\u0442\u044a \u0432\u043e \u043c\u043d\u0463 \u0438\u0441\u0442\u0438\u043d\u043d\u043e\u0435 \u0447\u0443\u0432\u0441\u0442\u0432\u043e \u0438 \u043a\u043e\u0442\u043e\u0440\u0430\u0433\u043e \u044f \u0434\u0430\u0432\u043d\u043e \u043d\u0435 \u0438\u0441\u043f\u044b\u0442\u044b\u0432\u0430\u043b\u044a. \u041f\u043e\u0442\u043e\u043c\u044a \u0437\u0430\u0463\u0445\u0430\u043b\u044a \u0411\u0430\u0440\u0442\u043e\u043b\u043e\u043c\u0435\u0439, \u0438 \u044f \u0432\u0463\u0440\u043d\u043e \u043e\u0431\u0438\u0434\u0463\u043b\u044a \u0435\u0433\u043e \u043d\u0435\u043c\u043d\u043e\u0433\u043e \u0442\u0463\u043c\u044a, \u0447\u0442\u043e \u0441\u043a\u0430\u0437\u0430\u043b\u044a, \u0447\u0442\u043e \u0443 \u043d\u0435\u0433\u043e \u0434\u0443\u0440\u043d\u043e\u0439 \u0432\u044b\u0433\u043e\u0432\u043e\u0440\u044a. \u041f\u043e\u0440\u0430 \u043c\u043d\u0463 \u043f\u0435\u0440\u0435\u0441\u0442\u0430\u0442\u044c \u0432\u043e\u0434\u0438\u0442\u044c\u0441\u044f \u0441\u044a \u043c\u043e\u043b\u043e\u0434\u0435\u0436\u044c\u044e, \u0445\u043e\u0442\u044f \u044f \u043d\u0438\u043a\u043e\u0433\u0434\u0430 \u0438 \u043d\u0435 \u0432\u043e\u0434\u0438\u043b\u0441\u044f \u0441\u044a \u043d\u0435\u0439 \u0445\u043e\u0440\u043e\u0448\u0435\u043d\u044c\u043a\u043e, \u043a\u0430\u043a\u044a \u0434\u0440\u0443\u0433\u0456\u0435; \u043d\u043e \u0434\u0463\u043b\u043e \u0432\u044a \u0442\u043e\u043c\u044a, \u0447\u0442\u043e \u0442\u0435\u043f\u0435\u0440\u044c \u043c\u043d\u0463 \u043b\u0435\u0433\u0447\u0435 \u0438 \u043f\u0440\u0456\u044f\u0442\u043d\u0463\u0435 \u0431\u044b\u0442\u044c \u0441\u044a \u0441\u0442\u0430\u0440\u0438\u043a\u0430\u043c\u0438, \u0447\u0463\u043c\u044a \u0441\u044a \u043e\u0447\u0435\u043d\u044c \u043c\u043e\u043b\u043e\u0434\u044b\u043c\u0438 \u043b\u044e\u0434\u044c\u043c\u0438. \u0417\u0434\u043e\u0440\u043e\u0432\u044c\u0435 \u0442\u0430\u043a\u044a \u0441\u044f\u043a\u044a. \u0417\u0430\u0431\u044b\u043b\u044a \u0437\u0430\u043f\u0438\u0441\u0430\u0442\u044c \u0447\u0442\u043e-\u0442\u043e \u0445\u043e\u0440\u043e\u0448\u0435\u0435 \u0438\u043b\u0438 \u0432\u0430\u0436\u043d\u043e\u0435 \u2014 \u043d\u0435 \u043f\u043e\u043c\u043d\u044e. \u0423\u043f\u0440\u0435\u043a\u0430\u044e \u0441\u0435\u0431\u044f \u043d\u044b\u043d\u0447\u0435 \u0442\u043e\u043b\u044c\u043a\u043e \u0437\u0430 \u0411\u0430\u0440\u0442\u043e\u043b\u043e\u043c\u0435\u044f. \u2014\u2014\u2014\u2014\u2014\u2014", "pub_date": "1854-07-16T00:00:00", "author": 2, "group": null, "image": ""}}, {"model": "posts.post", "pk": 25, "fields": {"text": "\u041e\u0431\u0463\u0434\u044a \u043c\u043e\u0439 \u043d\u0435 \u0443\u0434\u0430\u043b\u0441\u044f: \u043d\u0438 \u0413\u043e\u0440\u0447\u0430\u043a\u043e\u0432\u044a, \u043d\u0438 \u0414\u043e\u043a\u0442\u043e\u0440\u044a \u043d\u0435 \u043c\u043e\u0433\u043b\u0438 \u0431\u044b\u0442\u044c. \u041e\u0434\u0438\u043d\u044a \u0411\u0430\u0440\u0442\u043e\u043b\u043e\u043c\u0435\u0439 \u0463\u043b\u044a \u043c\u043e\u0435\u0433\u043e \u043f\u043e\u0440\u043e\u0441\u0435\u043d\u043a\u0430 \u0438 \u0432\u043e\u0441\u0445\u0438\u0449\u0430\u043b\u0441\u044f \u0428\u0438\u043b\u043b\u0435\u0440\u043e\u043c\u044a. \u2014 \u0414\u043e \u043e\u0431\u0463\u0434\u0430 \u0447\u0438\u0442\u0430\u043b\u044a, \u043f\u043e\u0441\u043b\u0463 \u043e\u0431\u0463\u0434\u0430 \u0447\u0438\u0442\u0430\u043b\u044a \u0438 \u2014 \u0441\u0442\u0440\u0430\u043d\u043d\u0430\u044f \u0432\u0435\u0449\u044c \u2014 \u0437\u0430\u0441\u043d\u0443\u043b\u044a \u0434\u043e 8 \u0447\u0430\u0441\u043e\u0432\u044a, \u0442\u0430\u043a\u044a \u0447\u0442\u043e \u0446\u0463\u043b\u044b\u0439 \u0434\u0435\u043d\u044c \u043d\u0438\u0447\u0435\u0433\u043e \u043d\u0435 \u0441\u0434\u0463\u043b\u0430\u043b\u044a. \u2014 \u041d\u043e\u0432\u0435\u0440\u0435\u0436\u0441\u043a\u0456\u0439 \u043f\u0440\u0438\u0432\u0435\u0437\u044a \u043c\u043d\u0463 45 \u0440., \u0438\u0437\u044a \u043a\u043e\u0442[\u043e\u0440\u044b\u0445\u044a] \u044f \u043d\u0430\u043c\u0463\u0440\u0435\u043d\u044a \u0434\u0430\u0442\u044c 40 \u0434\u043e\u043a\u0442\u043e\u0440\u0443, \u0430 \u043d\u0430 \u043e\u0441\u0442\u0430\u043b\u044c\u043d\u044b\u0435, \u043f\u0440\u0438\u0437\u0430\u043d\u044f\u0432\u0448\u0438 \u0435\u0449\u0435 \u0443 \u0413\u043e\u0440\u0447\u0430\u043a\u043e\u0432\u0430, \u0463\u0445\u0430\u0442\u044c \u0432\u044a \u0411\u0443\u0437\u0435\u043e \u0438 \u0442\u0430\u043c\u044a \u043e\u0436\u0438\u0434\u0430\u0442\u044c \u0428\u0442\u0430\u0431\u0430 \u0438 \u0432\u044b\u0437\u0434\u043e\u0440\u043e\u0432\u043b\u0435\u043d\u0456\u044f. \u2014 \u041c\u043d\u043e\u0433\u043e \u043d\u044b\u043d\u0447\u0435 \u0437\u0430\u0441\u043b\u0443\u0436\u0438\u043b\u044a \u044f \u0443\u043f\u0440\u0435\u043a\u043e\u0432\u044a. 1) \u0417\u0430 \u0433\u043b\u0443\u043f\u0443\u044e \u0444\u0430\u043d\u0442\u0430\u0437\u0456\u044e \u0438, \u0433\u043b\u0430\u0432\u043d\u043e\u0435, \u2014 \u043d\u0435\u0438\u0441\u043f\u043e\u043b\u043d\u0435\u043d\u043d\u0443\u044e \u0444\u0430\u043d\u0442\u0430\u0437\u0456\u044e \u043f\u043e\u043a\u0443\u043f\u0430\u0442\u044c \u043b\u043e\u0448\u0430\u0434\u044c \u0443 \u041d\u0438\u043a\u043e\u043b\u0430\u0435\u0432\u0430, \u0438 2) \u0437\u0430 \u0446\u0463\u043b\u044b\u0439 \u0434\u0435\u043d\u044c \u0431\u0435\u0437\u044a \u0434\u0463\u043b\u0430. (2)", "pub_date": "1854-07-18T00:00:00", "author": 2, "group": null, "image": ""}}, {"model": "posts.post", "pk": 26, "fields": {"text": "\u0412\u0447\u0435\u0440\u0430 \u0443\u0442\u0440\u043e \u0447\u0438\u0442\u0430\u043b\u044a \u0438 \u0441\u0431\u0438\u0440\u0430\u043b[\u0441\u044f] \u043a\u044a \u043e\u0442\u044a\u0463\u0437\u0434\u0443. \u0412\u0435\u0447\u0435\u0440\u043e\u043c\u044a \u0432\u044b\u0463\u0445\u0430\u043b\u044a \u0441\u0430\u043c\u044b\u043c\u044a \u0431\u0435\u0437\u0430\u043b\u0430\u0431\u0435\u0440\u043d\u044b\u043c\u044a \u0438 \u043d\u0435\u0440\u0463\u0448\u0438\u0442\u0435\u043b\u044c\u043d\u044b\u043c\u044a \u043e\u0431\u0440\u0430\u0437\u043e\u043c\u044a \u0441\u044a \u041c\u0430\u043b\u044b\u0448\u0435\u0432\u044b\u043c\u044a \u0432\u044a \u041c\u0430\u0440\u0430-\u0414\u043e\u043c\u043d\u044f\u0441\u043a\u0430, \u0433\u0434\u0463 \u0438 \u043f\u0440\u043e\u0431\u044b\u043b\u044a \u043d\u044b\u043d\u0463\u0448\u043d\u0456\u0439 \u0434\u0435\u043d\u044c. \u0417\u0430 \u044d\u0442\u0438 \u043e\u0431\u0430 \u0434\u043d\u044f \u0443\u043f\u0440\u0435\u043a\u0430\u044e \u0441\u0435\u0431\u044f 1) \u0437\u0430 \u043d\u0435\u0440\u0463\u0448\u0438\u0442\u0435\u043b\u044c\u043d\u043e\u0441\u0442\u044c \u043f\u0440\u0438 \u0432\u044b\u0463\u0437\u0434\u0463, 2) \u0437\u0430 \u0440\u0430\u0437\u0434\u0440\u0430\u0436\u0438\u0442\u0435\u043b\u044c\u043d\u043e\u0441\u0442\u044c \u0432\u0447\u0435\u0440\u0430 \u0443\u0442\u0440\u043e\u043c\u044a \u0441\u044a \u0410\u043b\u0435\u0448\u043a\u043e\u0439 \u0438 3) \u043d\u0435\u043c\u043d\u043e\u0436\u043a\u043e \u0437\u0430 \u043b\u0463\u043d\u044c \u0432\u0447\u0435\u0440\u0430. \u2014 (3)", "pub_date": "1854-07-20T00:00:00", "author": 2, "group": null, "image": ""}}, {"model": "posts.post", "pk": 27, "fields": {"text": "[\u0421\u0438\u043d\u0435\u0448\u0442\u0438.] \u0420\u0430\u043d\u043e \u0443\u0442\u0440\u043e\u043c\u044a \u043c\u0435\u043d\u044f \u0440\u0430\u0437\u0431\u0443\u0434\u0438\u043b\u0438 \u0438 \u043f\u043e\u0432\u0435\u0437\u043b\u0438 \u0432\u044a \u0421\u0438\u043d\u0435\u0448\u0442\u0438. \u0412\u043e\u043e\u0431\u0449\u0435 \u043d\u0435\u0434\u043e\u0432\u043e\u043b\u0435\u043d\u044a \u044f \u0441\u0435\u0433\u043e\u0434\u043d\u0438\u0447\u043d\u044b\u043c\u044a \u0434\u043d\u0435\u043c\u044a. \u2014 \u041f\u043e\u0447\u0435\u043c\u0443-\u0442\u043e \u2014 \u043d\u0435 \u043e\u0442\u044a \u043b\u0463\u043d\u0438, \u0430 \u0437\u0430 \u0437\u0430\u043d\u044f\u0442\u0456\u044f\u043c\u0438 \u0463\u0434\u043e\u0439 \u0438 \u043f\u0430\u043b\u0430\u0442\u043a\u043e\u0439, \u043d\u0435 \u0431\u044b\u043b\u043e \u043a\u0430\u043a\u044a-\u0442\u03bf \u0432\u0440\u0435\u043c\u044f. \u2014 \u042f \u0440\u043e\u0432\u043d\u043e \u043d\u0438\u0447\u0435\u0433\u043e \u043d\u0435 \u0434\u0463\u043b\u0430\u043b\u044a, \u0434\u0430\u0436\u0435 \u043d\u0435 \u0447\u0438\u0442\u0430\u043b\u044a. \u2014 \u0421\u0442\u043e\u044e \u0438 \u0437\u0430\u0432\u0435\u043b\u044a \u0430\u0440\u0442\u0435\u043b\u044c \u0441\u044a \u043d\u0435\u043c\u043d\u043e\u0436\u043a\u043e \u043d\u0435 \u043f\u043e\u0440\u044f\u0434\u043e\u0447\u043d\u044b\u043c\u0438 \u043b\u044e\u0434\u044c\u043c\u0438 \u0438, \u043f\u0440\u0438\u0437\u043d\u0430\u044e\u0441\u044c, \u0438\u043d\u043e\u0433\u0434\u0430 \u0436\u0430\u043b\u0463\u044e, \u0447\u0442\u043e \u043d\u0435 \u0432\u044a \u0442\u043e\u0439 \u0430\u0440\u0442\u0435\u043b\u0438. \u041e\u0434\u043d\u0430\u043a\u043e, \u043a\u0440\u043e\u043c\u0463 \u0442\u043e\u0433\u043e, \u0447\u0442\u043e \u044d\u0442\u043e \u0434\u0430\u0441\u0442\u044a \u043c\u043d\u0463 \u0432\u0440\u0435\u043c\u044f \u0437\u0430\u043d\u0438\u043c\u0430\u0442\u044c\u0441\u044f, \u044f \u0434\u043e\u0432\u043e\u043b\u0435\u043d\u044a \u0438 \u0442\u0463\u043c\u044a, \u0447\u0442\u043e \u0432\u0435\u0434\u0443 \u0441\u0435\u0431\u044f \u0445\u043e\u0440\u043e\u0448\u043e \u2014 \u043d\u0435 \u043e\u0442\u0442\u0430\u043b\u043a\u0438\u0432\u0430\u044e \u0438 \u043d\u0435 \u0441\u0445\u043e\u0436\u0443\u0441\u044c \u0441\u043b\u0438\u0448\u043a\u043e\u043c\u044a \u0431\u043b\u0438\u0437\u043a\u043e. \u0413\u043b\u0443\u043f\u044b\u0439 \u0441\u0442\u0430\u0440\u0438\u043a\u044a \u043e\u043f\u044f\u0442\u044c \u0440\u0430\u0437\u0441\u0435\u0440\u0434\u0438\u043b\u044a \u043c\u0435\u043d\u044f \u0441\u0432\u043e\u0435\u0439 \u043c\u0430\u043d\u0435\u0440\u043e\u0439 \u043d\u0435 \u043a\u043b\u0430\u043d\u044f\u0442\u044c\u0441\u044f. \u041d\u0430\u0434\u043e \u0431\u0443\u0434\u0435\u0442\u044a \u0434\u0430\u0442\u044c \u0435\u043c\u0443 \u0448\u0438\u043a\u043d\u043e\u0442\u043a\u0443. \u0412\u0447\u0435\u0440\u0430 \u0437\u0430\u0431\u044b\u043b\u044a \u0437\u0430\u043f\u0438\u0441\u0430\u0442\u044c \u0443\u0434\u043e\u0432\u043e\u043b\u044c\u0441\u0442\u0432\u0456\u0435, \u043a\u043e\u0442\u043e\u0440\u043e\u0435 \u043c\u043d\u0463 \u0434\u043e\u0441\u0442\u0430\u0432\u0438\u043b\u044a \u0428\u0438\u043b\u043b\u0435\u0440\u044a \u0441\u0432\u043e\u0438\u043c\u044a \u0420\u0443\u0434\u043e\u043b\u044c\u0444\u043e\u043c\u044a \u0413\u0430\u0431\u0441\u0431\u0443\u0440\u0433\u0441\u043a\u0438\u043c\u044a \u0438 \u043d\u0463\u043a\u043e\u0442\u043e\u0440\u044b\u043c\u0438 \u043c\u0463\u043b\u043a\u0438\u043c\u0438 \u0444\u0438\u043b\u043e\u0441\u043e\u0444\u0441\u043a\u0438\u043c\u0438 \u0441\u0442\u0438\u0445\u043e\u0442\u0432\u043e\u0440\u0435\u043d\u0456\u044f\u043c\u0438. \u041f\u0440\u0435\u043b\u0435\u0441\u0442\u043d\u0430 \u043f\u0440\u043e\u0441\u0442\u043e\u0442\u0430, \u043a\u0430\u0440\u0442\u0438\u043d\u043d\u043e\u0441\u0442\u044c \u0438 \u043f\u0440\u0430\u0432\u0434\u043e\u043f\u043e\u0434\u043e\u0431\u043d\u0430\u044f \u0442\u0438\u0445\u0430\u044f \u043f\u043e\u044d\u0437\u0456\u044f \u0432\u044a \u043f\u0435\u0440\u0432\u043e\u043c\u044a. \u0412\u043e \u0432\u0442\u043e\u0440\u043e\u043c\u044a-\u0436\u0435 \u043f\u043e\u0440\u0430\u0437\u0438\u043b\u0430 \u043c\u0435\u043d\u044f, \u0437\u0430\u043f\u0438\u0441\u0430\u043b\u0430\u0441\u044c \u0432\u044a \u0434\u0443\u0448\u0463, \u043a\u0430\u043a\u044a \u0433\u043e\u0432\u043e\u0440\u0438\u0442\u044a \u0411\u0430\u0440\u0442\u043e\u043b\u043e\u043c\u0435\u0439, \u043c\u044b\u0441\u043b\u044c, \u0447\u0442\u043e, \u0447\u0442\u043e\u0431\u044b \u0441\u0434\u0463\u043b\u0430\u0442\u044c \u0447\u0442\u043e \u043d\u0438\u0431\u0443\u0434\u044c \u0432\u0435\u043b\u0438\u043a\u043e\u0435, \u043d\u0443\u0436\u043d\u043e \u0432\u0441\u0463 \u0441\u0438\u043b\u044b \u0434\u0443\u0448\u0438 \u0443\u0441\u0442\u0440\u0435\u043c\u0438\u0442\u044c \u043d\u0430 \u043e\u0434\u043d\u0443 \u0442\u043e\u0447\u043a\u0443. \u2014\n\u0423\u043f\u0440\u0435\u043a\u0438 1) \u0437\u0430 \u043d\u0435\u0432\u043e\u0437\u0434\u0435\u0440\u0436\u043d\u043e\u0441\u0442\u044c \u0438 \u043d\u0435\u0440\u0463\u0448\u0438\u0442\u0435\u043b\u044c\u043d\u043e\u0441\u0442\u044c \u0432\u044a \u0442\u043e\u043c\u044a, \u0447\u0442\u043e \u044f \u0463\u043b\u044a \u0441\u044b\u0440\u044a, \u0438 2) \u043f\u0440\u0430\u0437\u0434\u043d\u043e\u0441\u0442\u044c \u0446\u0463\u043b\u0430\u0433\u043e \u0434\u043d\u044f, \u043e\u0441\u043e\u0431\u0435\u043d\u043d\u043e \u0435\u0436\u0435\u043b\u0438 \u044f \u0445\u043e\u0442\u044c \u043d\u0435\u043c\u043d\u043e\u0433\u043e \u043d\u0435 \u043f\u043e\u0440\u0430\u0431\u043e\u0442\u0430\u044e \u0442\u0435\u043f\u0435\u0440\u044c. (2)", "pub_date": "1854-07-21T00:00:00", "author": 2, "group": null, "image": ""}}, {"model": "posts.post", "pk": 28, "fields": {"text": "\u041e\u043f\u044f\u0442\u044c \u043f\u0435\u0440\u0435\u0445\u043e\u0434\u044a, \u043d\u0435\u0441\u043c\u043e\u0442\u0440\u044f \u043d\u0430 \u043a\u043e\u0442\u043e\u0440\u044b\u0439 \u044f \u0431\u044b \u0431\u044b\u043b\u044a \u0434\u043e\u0432\u043e\u043b\u0435\u043d\u044a \u0441\u0435\u0433\u043e\u0434\u043d\u0438\u0447\u043d\u044b\u043c\u044a \u0434\u043d\u0435\u043c\u044a, \u0435\u0436\u0435\u043b\u0438-\u0431\u044b \u043d\u0435 \u0433\u043b\u0443\u043f\u043e\u0435 \u0442\u0440\u0435\u0431\u043e\u0432\u0430\u043d\u0456\u0435 \u041a\u044b\u0440\u0436\u0430\u043d\u043e\u0432\u0441\u043a\u0430\u0433\u043e, \u0447\u0442\u043e\u0431\u044b \u044f \u0463\u0445\u0430\u043b\u044a \u0432\u044a \u041b\u0435\u043e\u0432\u043e. \u042f \u0445\u043e\u0434\u0438\u043b\u044a \u043a\u044a \u043d\u0435\u043c\u0443 \u0443\u0442\u0440\u043e\u043c\u044a \u0438 \u0438\u043c\u0463\u043b\u044a \u0441\u043b\u0430\u0431\u043e\u0441\u0442\u044c \u0438 \u0433\u043b\u0443\u043f\u043e\u0441\u0442\u044c \u043d\u0435 \u0440\u0430\u0437\u0431\u0443\u0434\u0438\u0442\u044c \u0435\u0433\u043e; \u043f\u043e\u0442\u043e\u043c\u044a \u0437\u0430\u0441\u043d\u0443\u043b\u044a, \u043f\u043e\u043e\u0431\u0463\u0434\u0430\u043b\u044a \u0438 \u043d\u0430\u043f\u0438\u0441\u0430\u043b\u044a \u043d\u0435\u043c\u043d\u043e\u0433\u043e. \u0417\u0434\u043e\u0440\u043e\u0432\u044c\u0435 \u0445\u043e\u0440\u043e\u0448\u043e \u0438 \u0437\u0430\u0432\u0442\u0440\u0430 \u044f\u0432\u043b\u044f\u044e\u0441\u044c \u043a\u044a \u043e\u0431\u043e\u0438\u043c\u044a \u041d\u0430\u0447\u0430\u043b\u044c\u043d\u0438\u043a\u0430\u043c\u044a \u0438 \u043f\u043e\u0434\u0430\u044e \u043e\u0431\u0430 \u0440\u0430\u043f\u043e\u0440\u0442\u0430. \u2014 \u0423\u043f\u0440\u0435\u043a\u044a \u0437\u0430 \u043d\u0435\u0440\u0463\u0448\u0438\u0442\u0435\u043b\u044c\u043d\u043e\u0441\u0442\u044c \u0441\u044a \u041a\u0440\u044b\u0436\u0430\u043d\u043e\u0432[\u0441\u043a\u0438\u043c\u044a]. (1)", "pub_date": "1854-07-22T00:00:00", "author": 2, "group": null, "image": ""}}, {"model": "posts.post", "pk": 29, "fields": {"text": "\u041d\u044b\u043d\u0447\u0435 \u0441\u044a \u0443\u0442\u0440\u0430 \u0445\u043e\u0434\u0438\u043b\u044a \u043e\u0431\u044a\u044f\u0441\u043d\u044f\u0442\u044c\u0441\u044f \u0438 \u044f\u0432\u043b\u044f\u0442\u044c\u0441\u044f \u043a\u044a \u043d\u0430\u0447\u0430\u043b\u044c\u0441\u0442\u0432\u0443. \u0412\u044b\u0448\u043b\u043e, \u0447\u0442\u043e \u041a\u0440\u044b\u0436\u0430\u043d\u043e\u0432\u0441\u043a\u0456\u0439 \u0441\u043a\u0430\u0437\u0430\u043b\u044a, \u0447\u0442\u043e\u0431\u044b \u044f \u0463\u0445\u0430\u043b\u044a \u0432\u044a \u0431\u0430\u0442\u0430\u0440\u0435\u044e. \u0422\u0438\u0448\u043a\u0435\u0432\u0438\u0447\u044a \u043d\u0430\u0441\u043f\u043b\u0435\u0442\u043d\u0438\u0447\u0430\u043b\u044a \u043c\u043d\u0463 \u044d\u0442\u043e, \u0438 \u044f \u0448\u0435\u043b\u044a \u043a\u044a \u041a\u0440\u044b\u0436[\u0430\u043d\u043e\u0432\u0441\u043a\u043e\u043c\u0443] \u0441\u044a \u0434\u0440\u043e\u0436\u0430\u0449\u0438\u043c\u0438 \u0433\u0443\u0431\u0430\u043c\u0438. \u041d\u043e \u043d\u0435\u0441\u043c\u043e\u0442\u0440\u044f \u043d\u0430 \u0432\u0441\u044e \u0437\u043b\u043e\u0431\u0443, \u044f \u0431\u044b\u043b\u044a \u0441\u043b\u0430\u0431\u044a \u0438 \u043f\u043e\u0437\u0432\u043e\u043b\u0438\u043b\u044a \u0437\u0430\u043c\u0430\u0441\u043b\u0438\u0442\u044c \u044d\u0442\u043e \u0434\u0463\u043b\u043e. \u041e\u0441\u0442\u0430\u043b\u044c\u043d\u043e\u0435 \u0432\u0440\u0435\u043c\u044f \u0434\u043d\u044f \u0447\u0438\u0442\u0430\u043b\u044a \u0445\u043e\u0440\u043e\u0448\u0435\u043d\u044c\u043a\u0443\u044e \u043f\u043e\u0432\u0463\u0441\u0442\u044c \u0411\u0435\u0440\u043d\u0430\u0440\u0430 \u0438 \u043d\u0430\u043f\u0438\u0441\u0430\u043b\u044a \u043f\u0438\u0441\u044c\u043c\u043e \u0412\u0430\u043b\u0435\u0440\u044c\u044f\u043d\u0443. \u041c\u0435\u043d\u044c\u0448\u0435, \u0447\u0463\u043c\u044a \u043a\u043e\u0433\u0434\u0430, \u044f \u0441\u044a \u0434\u043d\u044f \u0441\u0432\u043e\u0435\u0433\u043e \u0432\u044b\u0437\u0434\u043e\u0440\u043e\u0432\u043b\u0435\u043d\u0456\u044f \u0447\u0443\u0432\u0441\u0442\u0432\u0443\u044e \u0441\u0435\u0431\u044f \u0441\u043f\u043e\u0441\u043e\u0431\u043d\u044b\u043c\u044a \u043a\u044a \u043e\u0431\u0449\u0435\u0436\u0438\u0442\u0456\u044e \u0438 \u0440\u0430\u0432\u043d\u043e\u0434\u0443\u0448\u043d\u043e-\u0432\u0435\u0441\u0435\u043b\u043e\u043c\u0443 \u0432\u0437\u0433\u043b\u044f\u0434\u0443 \u043d\u0430 \u0436\u0438\u0437\u043d\u044c. \u041f\u043e\u0434\u0430\u043b\u044a \u0434\u0440\u0443\u0433\u043e\u0439 \u0440\u0430\u043f\u043e\u0440\u0442\u044a \u043e \u043f\u0435\u0440\u0435\u0432\u043e\u0434\u0463.\n\n\u0423\u043f\u0440\u0435\u043a\u0430\u044e \u0441\u0435\u0431\u044f \u0437\u0430 \u043b\u0463\u043d\u044c. \u0412\u044a \u0446\u0463\u043b\u044b\u0439 \u0434\u0435\u043d\u044c \u0440\u043e\u0432\u043d\u043e \u043d\u0438\u0447\u0435\u0433\u043e \u043d\u0435 \u0441\u0434\u0463\u043b\u0430\u043b\u044a. \u2014\u2014\u2014\u2014\u2014 (1)", "pub_date": "1854-07-23T00:00:00", "author": 2, "group": null, "image": ""}}, {"model": "posts.post", "pk": 30, "fields": {"text": "[\u041a\u0443\u0440\u0435\u0448\u0442\u0438?] \u0423\u0442\u0440\u043e\u043c\u044a \u041d\u043e\u0432\u0435\u0440\u0435\u0436\u0441\u043a\u0456\u0439 \u0441\u044a \u043f\u043e\u0434\u0442\u044f\u043d\u0443\u0442\u043e\u0439 \u043c\u043e\u0440\u0434\u043e\u0439 \u043f\u0440\u0438\u043d\u0435\u0441\u044a \u043c\u043d\u0463 \u043d\u0430\u0437\u0430\u0434\u044a \u043c\u043e\u0439 \u0440\u0430\u043f\u043e\u0440\u0442\u044a \u0441\u044a \u043d\u0430\u0434\u043f\u0438\u0441\u044c\u044e \u041a\u0440\u044b\u0436\u0430\u043d\u043e\u0432\u0441\u043a\u0430\u0433\u043e. \u0412\u0441\u0463 \u044d\u0442\u0438 \u043c\u0463\u043b\u043a\u0456\u044f \u043d\u0435\u043f\u0440\u0456\u044f\u0442\u043d\u043e\u0441\u0442\u0438 \u0442\u0430\u043a\u044a \u043c\u0435\u043d\u044f \u0440\u0430\u0437\u0441\u0442\u0440\u043e\u0438\u043b\u0438, \u0447\u0442\u043e \u044f \u0440\u0463\u0448\u0438\u0442\u0435\u043b\u044c\u043d\u043e \u0446\u0463\u043b\u044b\u0439 \u0434\u0435\u043d\u044c \u0431\u044b\u043b\u044a \u0441\u0430\u043c\u044a \u043d\u0435 \u0441\u0432\u043e\u0439, \u043b\u0463\u043d\u0438\u0432\u044a, \u0430\u043f\u0430\u0442\u0438\u0447\u0435\u043d\u044a, \u043d\u0435 \u0432\u044a \u0441\u043e\u0441\u0442\u043e\u044f\u043d\u0456\u0438 \u043d\u0438 \u0437\u0430 \u0447\u0442\u043e \u043f\u0440\u0438\u043d\u044f\u0442\u044c\u0441\u044f, \u0441\u044a \u043b\u044e\u0434\u044c\u043c\u0438 \u043c\u043e\u043b\u0447\u0430\u043b\u0438\u0432\u044a, \u0441\u0442\u044b\u0434\u043b\u0438\u0432\u044a \u0434\u043e \u043f\u043e\u0442\u0443. \u042f \u044d\u0442\u043e \u0438\u0441\u043f\u044b\u0442\u0430\u043b\u044a \u0443 \u0411\u0430\u0431\u0430\u0440\u044b\u043a\u0438\u043d\u0430, \u0441\u043d\u0430\u0447\u0430\u043b\u0430 \u0441\u044a \u0417\u044b\u0431\u0438\u043d\u044b\u043c\u044a, \u0424\u0440\u0438\u0434\u0435 \u0438 \u0411\u0430\u043b\u044e\u0437\u0435\u043a\u044a, \u0430 \u0432\u0435\u0447\u0435\u0440\u043e\u043c\u044a \u0441\u044a \u041a\u0440\u044b\u0436\u0430\u043d\u043e\u0432\u0441\u043a\u0438\u043c\u044a \u0438 \u0421\u0442\u0430\u043b\u044b\u043f\u0438\u043d\u044b\u043c\u044a. \u042f \u0441\u043b\u0438\u0448\u043a\u043e\u043c\u044a \u0447\u0435\u0441\u0442\u0435\u043d\u044a \u0434\u043b\u044f \u043e\u0442\u043d\u043e\u0448\u0435\u043d\u0456\u0439 \u0441\u044a \u044d\u0442\u0438\u043c\u0438 \u043b\u044e\u0434\u044c\u043c\u0438. \u2014 \u0421\u0442\u0440\u0430\u043d\u043d\u043e, \u0447\u0442\u043e \u0442\u043e\u043b\u044c\u043a\u043e \u0442\u0435\u043f\u0435\u0440\u044c \u044f \u0437\u0430\u043c\u0463\u0442\u0438\u043b\u044a \u043e\u0434\u0438\u043d\u044a \u0438\u0437\u044a \u0441\u0432\u043e\u0438\u0445\u044a \u0432\u0430\u0436\u043d\u044b\u0445\u044a \u043d\u0435\u0434\u043e\u0441\u0442\u0430\u0442\u043a\u043e\u0432\u044a: \u043e\u0441\u043a\u043e\u0440\u0431\u0438\u0442\u0435\u043b\u044c\u043d\u0443\u044e \u0438 \u0432\u043e\u0437\u0431\u0443\u0436\u0434\u0430\u044e\u0449\u0443\u044e \u0432\u044a \u0434\u0440\u0443\u0433\u0438\u0445\u044a \u0437\u0430\u0432\u0438\u0441\u0442\u044c \u2014 \u043d\u0430\u043a\u043b\u043e\u043d\u043d\u043e\u0441\u0442\u044c \u0432\u044b\u0441\u0442\u0430\u0432\u043b\u044f\u0442\u044c \u0432\u0441\u0463 \u0441\u0432\u043e\u0438 \u043f\u0440\u0435\u0438\u043c\u0443\u0449\u0435\u0441\u0442\u0432\u0430. \u0427\u0442\u043e\u0431\u044b \u0432\u043d\u0443\u0448\u0438\u0442\u044c \u043b\u044e\u0431\u043e\u0432\u044c \u043a\u044a \u0441\u0435\u0431\u0463, \u043d\u0430\u043f\u0440\u043e\u0442\u0438\u0432\u044a, \u043d\u0443\u0436\u043d\u043e \u0441\u043a\u0440\u044b\u0432\u0430\u0442\u044c \u0432\u0441\u0435 \u0442\u043e, \u0447\u0463\u043c\u044a \u0432\u044b\u0445\u043e\u0434\u0438\u0448\u044c \u0438\u0437\u044a \u043e\u0431\u0449\u0430\u0433\u043e \u0440\u0430\u0437\u0440\u044f\u0434\u0430. \u041f\u043e\u0437\u0434\u043d\u043e \u044f \u043f\u043e\u043d\u044f\u043b\u044a \u044d\u0442\u043e. \u041d\u0435 \u0431\u0443\u0434\u0443 \u043f\u043e\u0434\u0430\u0432\u0430\u0442\u044c \u0440\u0430\u043f\u043e\u0440\u0442\u0430, \u043f\u043e\u043a\u0430 \u043d\u0435 \u0431\u0443\u0434\u0443 \u0432\u044a \u0441\u043e\u0441\u0442\u043e\u044f\u043d\u0438\u0438 \u0437\u0430\u0432\u0435\u0441\u0442\u0438 \u043b\u043e\u0448\u0430\u0434\u0435\u0439, \u0438 \u0443\u043f\u043e\u0442\u0440\u0435\u0431\u043b\u044e \u0432\u0441\u0463 \u0441\u0440\u0435\u0434\u0441\u0442\u0432\u0430 \u0434\u043b\u044f \u044d\u0442\u0430\u0433\u043e. \u041f\u043e\u043a\u0430 \u043d\u0435 \u0431\u0443\u0434\u0443 \u043d\u0438 \u0441\u044a \u043a\u0463\u043c\u044a \u0438\u043c\u0463\u0442\u044c \u0434\u0440\u0443\u0433\u0438\u0445\u044a \u043e\u0442\u043d\u043e\u0448\u0435\u043d\u0456\u0439, \u043a\u0430\u043a\u044a \u043f\u043e \u0441\u043b\u0443\u0436\u0431\u0463. \u2014 \u0423\u043f\u0440\u0435\u043a\u0430\u044e \u0441\u0435\u0431\u044f \u0437\u0430 \u043b\u0463\u043d\u044c. \u2014\u2014\u2014 (1)", "pub_date": "1854-07-24T00:00:00", "author": 2, "group": null, "image": ""}}, {"model": "posts.post", "pk": 31, "fields": {"text": "\u0420\u0430\u043d\u043e \u0432\u044b\u0441\u0442\u0443\u043f\u0438\u043b\u0438 \u0438\u0437\u044a \u041a\u0443\u0440\u0435\u0448\u0442\u0438 \u0438 \u0432\u0441\u044e \u0434\u043e\u0440\u043e\u0433\u0443 \u044f \u0443\u0436\u0430\u0441\u043d\u043e \u043c\u0443\u0447\u0430\u043b\u0441\u044f, \u043a\u0430\u043a\u044a \u0444\u0438\u0437\u0438\u0447\u0435\u0441\u043a\u0438 \u2014 \u043b\u0438\u0446\u043e \u0443 \u043c\u0435\u043d\u044f \u0441\u0442\u0440\u0430\u0448\u043d\u043e \u0433\u043e\u0440\u0463\u043b\u043e \u0438 \u0432\u044b\u043c\u0435\u0442\u0430\u043b\u043e, \u2014 \u0442\u0430\u043a\u044a \u0438 \u043c\u043e\u0440\u0430\u043b\u044c\u043d\u043e. \u0422\u0430\u043a\u044a \u043d\u0430\u0437\u044b\u0432\u0430\u0435\u043c\u044b\u0435 \u0430\u0440\u0438\u0441\u0442\u043e\u043a\u0440\u0430\u0442\u044b \u0432\u043e\u0437\u0431\u0443\u0436\u0434\u0430\u044e\u0442\u044a \u0432\u043e \u043c\u043d\u0463 \u0437\u0430\u0432\u0438\u0441\u0442\u044c. \u042f \u043d\u0435\u0438\u0441\u043f\u0440\u0430\u0432\u0438\u043c\u043e \u043c\u0435\u043b\u043e\u0447\u0435\u043d\u044a \u0438 \u0437\u0430\u0432\u0438\u0441\u0442\u043b\u0438\u0432\u044a.\r\n\r\n\u041f\u043e\u0441\u043b\u0463 \u043e\u0431\u0463\u0434\u0430 \u044f \u0437\u0430\u0448\u0435\u043b\u044a \u043a\u044a \u0441\u0442\u0430\u0440\u0438\u043a\u0443 \u0438 \u0437\u0430\u0441\u0442\u0430\u043b\u044a \u0443 \u043d\u0435\u0433\u043e \u043a\u0430\u043c\u043f\u0430\u043d\u0456\u044e \u0410\u0434\u044a\u044e\u0442[\u0430\u043d\u0442\u043e\u0432\u044a] \u0424\u0435\u043b\u044c\u0434\u043c[\u0430\u0440\u0448\u0430\u043b\u0430], \u0432\u044a \u043a\u043e\u0442\u043e\u0440\u043e\u0439 \u043c\u043d\u0463 \u0431\u044b\u043b\u043e \u043d\u0435\u0432\u044b\u043d\u043e\u0441\u0438\u043c\u043e \u0442\u044f\u0436\u0435\u043b\u043e. \u041f\u043e\u0442\u043e\u043c\u044a \u0421\u0430\u043b\u0442\u044b\u043a\u043e\u0432\u044a, \u043a\u043e\u0433\u0434\u0430 \u044f 3-\u0439 \u0440\u0430\u0437\u044a \u0432\u0441\u043f\u043e\u043c\u0438\u043d\u0430\u043b\u044a, \u0433\u0434\u0463 \u043c\u044b \u0441\u044a \u043d\u0438\u043c\u044a \u0432\u0438\u0434\u0463\u043b\u0438\u0441\u044c, \u0441\u043a\u0430\u0437\u0430\u043b\u044a \u043c\u043d\u0463, \u0447\u0442\u043e \u00ab\u044d\u0442\u043e \u0431\u044b\u043b\u043e \u0442\u043e\u0433\u0434\u0430, \u043a\u043e\u0433\u0434\u0430 \u043c\u044b \u0441\u044a \u0432\u0430\u043c\u0438 \u0434\u043d\u0438 \u043f\u0440\u043e\u0432\u043e\u0434\u0438\u043b\u0438 \u0432\u043c\u0463\u0441\u0442\u0463\u00bb. \u042d\u0442\u043e \u043d\u0438\u043a\u043e\u0433\u0434\u0430 \u043d\u0435 \u0431\u044b\u043b\u043e. \u0418 \u044d\u0442\u043e \u0431\u044b\u043b\u043e \u0434\u043b\u044f \u043c\u0435\u043d\u044f \u0432\u043e \u0432\u0440\u0435\u043c\u044f \u0431\u0435\u0437\u0441\u043e\u043d\u043d\u043e\u0439 \u043d\u043e\u0447\u0438, \u043a\u043e\u0442\u043e\u0440\u0443\u044e \u044f \u043f\u0440\u043e\u0432\u043e\u0434\u0438\u043b\u044a \u043d\u044b\u043d\u0447\u0435, \u043e\u0434\u043d\u0438\u043c\u044a \u0438\u0437\u044a \u0442\u0463\u0445\u044a \u0432\u043e\u0441\u043f\u043e\u043c\u0438\u043d\u0430\u043d\u0456\u0439, \u043f\u0440\u0438 \u043a\u043e\u0442[\u043e\u0440\u044b\u0445\u044a] \u0432\u0441\u043a\u0440\u0438\u043a\u0438\u0432\u0430\u0435\u0448\u044c. \u0412\u0435\u0447\u0435\u0440\u043e\u043c\u044a \u0441\u044a \u0424\u0435\u0440\u0437\u0435\u043d\u043e\u043c\u044a \u044f \u0437\u0430\u0448\u0435\u043b\u044a \u043a\u044a \u043d\u0438\u043c\u044a \u0438, \u043d\u0435 \u0433\u043e\u0432\u043e\u0440\u044f \u0443\u0436\u0435 \u043f\u0440\u043e \u0421\u0443\u0445\u0442\u0435\u043b\u0435\u043d\u0430, \u043a\u043e\u0442\u043e\u0440\u0430\u0433\u043e \u044f \u0434\u043e\u043b\u0436\u0435\u043d\u044a \u0431\u044b\u043b\u044a \u0437\u0430\u0441\u0442\u0430\u0432\u0438\u0442\u044c \u043f\u043e\u043a\u043b\u043e\u043d\u0438\u0442\u044c\u0441\u044f \u043c\u043d\u0463, \u0432\u0435\u0441\u0435\u043b\u044b\u0439 \u041a\u043e\u0440\u0441\u0430\u043a\u043e\u0432\u044a, \u043a\u043e\u0442\u043e\u0440\u044b\u0439 \u0441\u043b\u0430\u0432\u043d\u043e \u043f\u043e\u0435\u0442\u044a \u0446\u044b\u0433\u0430\u043d\u0441\u043a\u0456\u044f \u043f\u0463\u0441\u043d\u0438, \u043d\u0430\u0432\u0435\u043b\u044a \u043d\u0430 \u043c\u0435\u043d\u044f \u0443\u0436\u0430\u0441\u043d\u0443\u044e \u0442\u043e\u0441\u043a\u0443 \u0438 \u0437\u0430\u0432\u0438\u0441\u0442\u044c. \u0412\u044a \u0437\u0430\u043a\u043b\u044e\u0447\u0435\u043d\u0456\u0438 \u0432\u0441\u0435\u0433\u043e, \u044f \u0434\u0430\u0436\u0435 \u0441\u044a \u0422\u044b\u0448\u043a\u0435\u0432\u0438\u0447\u0435\u043c\u044a \u0442\u0430\u043a\u044a \u0436\u043e\u043b\u0447\u043d\u043e \u0437\u0430\u0441\u043f\u043e\u0440\u0438\u043b\u044a \u043e \u043a\u0430\u043a\u043e\u0439-\u0442\u043e \u0433\u043b\u0443\u043f\u043e\u0441\u0442\u0438, \u0447\u0442\u043e \u043e\u0441\u043a\u043e\u0440\u0431\u0438\u043b\u044a \u0435\u0433\u043e. \u041a\u0430\u043a\u043e\u0439 \u044d\u0442\u043e \u043d\u0438\u0447\u0442\u043e\u0436\u043d\u044b\u0439 \u0447\u0435\u043b\u043e\u0432\u0463\u043a\u044a! \u043f\u043e\u0434\u0443\u043c\u0430\u043b\u0438 \u0431\u044b \u0442\u0463, \u043a\u043e\u0442[\u043e\u0440\u044b\u0435] \u043f\u0440\u043e\u0447\u043b\u0438 \u0431\u044b \u044d\u0442\u0443 \u0441\u0442\u0440\u0430\u043d\u0438\u0446\u0443. \u2014 \u00ab\u041d\u0435\u0441\u0447\u0430\u0441\u0442\u043d\u044b\u0439, \u0438\u0441\u043f\u043e\u0440\u0447\u0435\u043d\u043d\u044b\u0439 \u043d\u0440\u0430\u0432\u044a!!\u00bb \u0418 \u043d\u0435\u0443\u0436\u0435\u043b\u0438 \u043d\u0435\u043b\u044c\u0437\u044f \u043f\u043e\u043f\u0440\u0430\u0432\u0438\u0442\u044c \u0435\u0433\u043e? \u041d\u0430\u0439\u0434\u0442\u0438 \u0437\u043b\u043e, \u0433\u043e\u0432\u043e\u0440\u044f\u0442\u044a, \u0443\u0436\u0435 \u0435\u0441\u0442\u044c \u043f\u043e\u043b\u043e\u0432\u0438\u043d\u0430 \u0434\u043e\u0440\u043e\u0433\u0438 \u043a\u044a \u0438\u0441\u043f\u0440\u0430\u0432\u043b\u0435\u043d\u0456\u044e. \u0421\u043a\u043e\u043b\u044c\u043a\u043e \u0432\u0440\u0435\u043c\u0435\u043d\u0438 \u0438 \u0438\u0441\u043a\u0440\u0435\u043d\u043d\u043e \u044f \u0431\u044c\u044e\u0441\u044c \u0438\u0437\u044a \u0437\u0430 \u044d\u0442\u0430\u0433\u043e \u0438 \u0432\u0441\u0435 \u0442\u0449\u0435\u0442\u043d\u043e. \u0411\u044b\u0442\u044c \u0432\u0441\u0435\u0433\u0434\u0430 \u0434\u043e\u0432\u043e\u043b\u044c\u043d\u044b\u043c\u044a, \u0441\u043a\u0440\u043e\u043c\u043d\u044b\u043c\u044a \u0438 \u0442\u0440\u0443\u0434\u043e\u043b\u044e\u0431\u0438\u0432\u044b\u043c\u044a, \u0432\u043e\u0442\u044a \u0447\u0443\u0434\u043d\u044b\u044f \u043f\u0440\u0430\u0432\u0438\u043b\u0430! \u041a\u043e\u043b\u0438 \u0431\u044b \u044f \u043c\u043e\u0433\u044a \u0441\u043b\u0463\u0434\u043e\u0432\u0430\u0442\u044c \u0438\u043c\u044a! \u041f\u043e\u0440\u0430 \u0431\u044b \u043e\u0442\u0447\u0430\u044f\u0442\u044c\u0441\u044f \u0432\u044a \u0438\u0441\u043f\u0440\u0430\u0432\u043b\u0435\u043d\u0456\u0438, \u0430 \u044f \u0432\u0441\u0435 \u043d\u0430\u0434\u0463\u044e\u0441\u044c, \u0432\u0441\u0435 \u0441\u0442\u0430\u0440\u0430\u044e\u0441\u044c.\r\n\r\n\u0423\u043f\u0440\u0435\u043a\u0430\u044e \u0441\u0435\u0431\u044f 1) \u0437\u0430 \u043b\u0463\u043d\u044c, 2) \u0437\u0430 \u0434\u0432\u043e\u044f\u043a\u0443\u044e \u043d\u0435\u0441\u043a\u0440\u043e\u043c\u043d\u043e\u0441\u0442\u044c, \u0441\u043e\u0432\u0435\u0440\u0448\u0435\u043d\u043d\u043e \u043f\u0440\u043e\u0442\u0438\u0432\u0443\u043f\u043e\u043b\u043e\u0436\u043d\u0443\u044e \u0441\u044a \u0410\u0434\u044a[\u044e\u0442\u0430\u043d\u0442\u0430\u043c\u0438] \u0424[\u0435\u043b\u044c\u0434\u043c\u0430\u0440\u0448\u0430\u043b\u0430] \u0438 \u0441\u044a \u0422\u044b\u0448\u043a\u0435\u0432\u0438\u0447\u0435\u043c\u044a.", "pub_date": "1854-07-25T00:00:00", "author": 2, "group": 1, "image": ""}}, {"model": "posts.post", "pk": 32, "fields": {"text": "[\u0411\u0443\u0437\u0435\u043e.] \u041e\u043f\u044f\u0442\u044c \u043f\u0435\u0440\u0435\u0445\u043e\u0434\u044a \u2014 \u0434\u043e \u0411\u0443\u0437\u0435\u043e. \u0411\u0430\u0448\u0438-\u0431\u0443\u0437\u0443\u043a\u0438 \u2014 \u043a\u0430\u043a\u044a \u043d\u0430\u0440\u043e\u0447\u043d\u043e, \u0441\u043e\u0433\u043b\u0430\u0441\u0438\u043b\u0438\u0441\u044c \u0431\u044b\u0442\u044c \u043e\u0441\u043e\u0431\u0435\u043d\u043d\u043e \u043c\u0438\u043b\u044b\u043c\u0438, \u043d\u043e \u0432\u043e \u043c\u043d\u0463 \u0431\u044b\u043b\u043e \u0441\u043b\u0438\u0448\u043a\u043e\u043c\u044a \u043c\u043d\u043e\u0433\u043e \u0436\u043e\u043b\u0447\u0438. \u042f \u0434\u0438\u0447\u0438\u043b\u0441\u044f. \u0418 \u043e\u043f\u044f\u0442\u044c \u043e\u0441\u043a\u043e\u0440\u0431\u0438\u043b\u044a \u0422\u044b\u0448\u043a\u0435\u0432\u0438\u0447\u0430. \u2014 \u0412\u043e\u043e\u0431\u0449\u0435 \u0440\u0463\u0434\u043a\u043e \u043f\u043e\u043c\u043d\u044e, \u0447\u0442\u043e\u0431\u044b \u044f, \u0432\u043e \u0432\u0441\u0463\u0445\u044a \u043e\u0442\u043d\u043e\u0448\u0435\u043d\u0456\u044f\u0445\u044a, \u0431\u044b\u043b\u044a \u0432\u044a \u0442\u0430\u043a\u043e\u043c\u044a \u0443\u0436\u0430\u0441\u043d\u043e\u043c\u044a \u043f\u043e\u043b\u043e\u0436\u0435\u043d\u0456\u0438, \u043a\u0430\u043a\u044a \u0442\u0435\u043f\u0435\u0440\u044c. \u0411\u043e\u043b\u0463\u043d\u044a, \u0440\u0430\u0437\u0434\u0440\u0430\u0436\u0435\u043d\u044a, \u0441\u043e\u0432\u0435\u0440\u0448\u0435\u043d\u043d\u043e \u043e\u0434\u0438\u043d\u043e\u043a\u044a, \u2014 \u044f \u0432\u0441\u0463\u043c\u044a \u0441\u044a\u0443\u043c\u0463\u043b\u044a \u043e\u043f\u0440\u043e\u0442\u0438\u0432\u0463\u0442\u044c, \u2014 \u0432\u044a \u0441\u0430\u043c\u043e\u043c\u044a \u043d\u0435\u0440\u0463\u0448\u0438\u0442\u0435\u043b\u044c\u043d\u043e\u043c\u044a \u0438 \u0434\u0443\u0440\u043d\u043e\u043c\u044a \u0441\u043b\u0443\u0436\u0435\u0431\u043d\u043e\u043c\u044a \u043f\u043e\u043b\u043e\u0436\u0435\u043d\u0456\u0438 \u0438 \u0431\u0435\u0437\u044a \u0434\u0435\u043d\u0435\u0433\u044a. \u2014 \u041d\u0443\u0436\u043d\u043e \u0432\u044b\u0439\u0434\u0442\u0438 \u0438\u0437\u044a \u044d\u0442\u0430\u0433\u043e \u043f\u043e\u043b\u043e\u0436\u0435\u043d\u0456\u044f. \u2014 \u041b\u0435\u0447\u0438\u0442\u044c\u0441\u044f \u043f\u0440\u0438\u0441\u0442\u0430\u043b\u044c\u043d\u0463\u0435, \u043f\u0435\u0440\u0435\u0442\u0435\u0440\u043f\u0463\u0442\u044c \u043d\u0435\u043f\u0440\u0456\u044f\u0442\u043d\u043e\u0441\u0442\u044c \u043d\u043e\u0432\u0430\u0433\u043e \u0441\u0431\u043b\u0438\u0436\u0435\u043d\u0456\u044f \u0441\u044a \u0442\u043e\u0432\u0430\u0440\u0438\u0449\u0430\u043c\u0438. \u041e\u0431\u044a\u044f\u0441\u043d\u0438\u0442\u044c\u0441\u044f \u043e \u0441\u043b\u0443\u0436\u0431\u0463 \u0441\u044a \u0413\u0435\u043d\u0435\u0440\u0430\u043b\u043e\u043c\u044a \u0438\u043b\u0438 \u041a\u0440\u044b\u0436\u0430\u043d\u043e\u0432\u0441\u043a\u0438\u043c\u044a \u0438 \u0434\u043e\u0441\u0442\u0430\u0442\u044c \u0434\u0435\u043d\u0435\u0433\u044a. \u0423\u043f\u0440\u0435\u043a\u0430\u044e 1) \u0437\u0430 \u043b\u0463\u043d\u044c, 2) \u0437\u0430 \u043d\u0435\u0441\u043a\u0440\u043e\u043c\u043d\u043e\u0441\u0442\u044c \u0441\u044a \u0421\u0443\u0445\u0442\u0435\u043b\u0435\u043d\u043e\u043c\u044a \u0438 \u0441\u044a \u0422\u044b\u0448\u043a\u0435\u0432\u0438\u0447\u0435\u043c\u044a \u0438 3) \u0437\u0430 \u043d\u0435\u043e\u0431\u0434\u0443\u043c\u0430\u043d\u043d\u043e\u0441\u0442\u044c, \u043d\u0435\u0434\u043e\u0432\u043e\u043b\u044c\u0441\u0442\u0432\u043e \u0438 \u043d\u0435\u0440\u0463\u0448\u0438\u0442\u0435\u043b\u044c\u043d\u043e\u0441\u0442\u044c \u043a\u044a \u0438\u0441\u043f\u0440\u0430\u0432\u043b\u0435\u043d\u0456\u044e \u0441\u0432\u043e\u0435\u0433\u043e \u043f\u043e\u043b\u043e\u0436\u0435\u043d\u0456\u044f. \u2014\u2014\u2014\u2014\u2014\u2014\u2014\u2014\u2014 (4)", "pub_date": "1854-07-26T00:00:00", "author": 2, "group": null, "image": ""}}, {"model": "posts.post", "pk": 33, "fields": {"text": "\u0426\u0463\u043b\u044b\u0439 \u0434\u0435\u043d\u044c \u043f\u0440\u043e\u0431\u044b\u043b\u044a \u043d\u0430 \u043c\u0463\u0441\u0442\u0463, \u043d\u0438 \u0441\u044a \u043a\u0463\u043c\u044a \u043d\u0435 \u0432\u0438\u0434\u0463\u043b\u0441\u044f, \u043a\u0440\u043e\u043c\u0463 \u0422\u0438\u0448\u043a\u0435\u0432\u0438\u0447\u0430 \u0438 \u0410\u0434\u044a\u044e\u0442\u0430\u043d\u0442\u043e\u0432\u044a, \u043a\u043e\u0442\u043e\u0440\u044b\u0435 \u0432\u0441\u0463, \u043a\u0430\u043a\u044a \u043c\u043d\u0463 \u043a\u0430\u0436\u0435\u0442\u0441\u044f, \u0434\u0438\u0447\u0430\u0442\u0441\u044f \u043c\u0435\u043d\u044f, \u043a\u0430\u043a\u044a disgraci\u00e9.\n\n\u0421\u043c\u0463\u0448\u043d\u043e! \u042f \u0434\u043e\u0432\u043e\u043b\u0435\u043d\u044a \u0441\u0432\u043e\u0438\u043c\u044a \u0434\u043d\u0435\u043c\u044a, \u0435\u0436\u0435\u043b\u0438 \u0431\u044b \u043d\u0435 \u043b\u0463\u043d\u044c \u0438 \u043d\u0435 2 \u0434\u0463\u0432\u043a\u0438 \u0443 \u0445\u043e\u0437\u044f\u0439\u043a\u0438, \u043a\u043e\u0442\u043e\u0440\u044b\u043c\u044a \u044f \u043d\u0435 \u043c\u043e\u0433\u044a \u0440\u0463\u0448\u0438\u0442\u044c\u0441\u044f \u0441\u043b\u043e\u0432\u0430 \u0441\u043a\u0430\u0437\u0430\u0442\u044c \u0438 \u0434\u0432\u0430 \u0447\u0430\u0441\u0430 \u0445\u043e\u0434\u0438\u043b\u044a \u043e\u043a\u043e\u043b\u043e \u0434\u043e\u043c\u0430. \u041a\u043e\u0435 \u043a\u0430\u043a\u0456\u044f \u043c\u044b\u0441\u043b\u0438 \u043f\u0440\u0438\u0445\u043e\u0434\u0438\u043b\u0438 \u0432\u044a \u0433\u043e\u043b\u043e\u0432\u0443, \u043d\u043e \u044f \u0447\u0443\u0432\u0441\u0442\u0432\u0443\u044e, \u043a\u0430\u043a\u044a \u043f\u0430\u043c\u044f\u0442\u044c \u043f\u0440\u0438\u0442\u0443\u043f\u043b\u044f\u0435\u0442\u0441\u044f, \u043b\u044e\u0431\u043e\u0432\u044c \u0438 \u0443\u0432\u0430\u0436\u0435\u043d\u0456\u0435 \u0438 \u0434\u043e\u0432\u0463\u0440\u0456\u0435 \u043a\u044a \u0443\u043c\u0443 \u0438\u0441\u0447\u0435\u0437\u0430\u044e\u0442\u044a \u0438 \u044f \u043f\u0430\u0434\u0430\u044e \u0432\u044a \u043c\u0456\u0440\u0463 \u0438\u0434\u0435\u0430\u043b\u044c\u043d\u043e\u043c\u044a, \u043d\u0435 \u043f\u043e\u0434\u0432\u0438\u0433\u0430\u044f\u0441\u044c \u0432\u0441\u043b\u0463\u0434\u0441\u0442\u0432\u0456\u0435 \u044d\u0442\u043e\u0433\u043e \u2014 \u043a\u0430\u043a\u044a \u0431\u044b \u044d\u0442\u043e \u0434\u043e\u043b\u0436\u043d\u043e \u0431\u044b\u043b\u043e \u0431\u044b\u0442\u044c \u2014 \u0432\u044a \u043c\u0456\u0440\u0463 \u043f\u0440\u0430\u043a\u0442\u0438\u0447\u0435\u0441\u043a\u043e\u043c. \u0418\u043c\u0435\u043d\u043d\u043e \u043e\u0434\u043d\u0430 \u0438\u0437\u044a \u043c\u044b\u0441\u043b\u0435\u0439, \u043f\u043e \u0441\u043b\u0443\u0447\u0430\u044e \u043a\u043e\u0442\u043e\u0440\u043e\u0439 \u043c\u043d\u0463 \u043f\u0440\u0438\u0448\u043b\u043e \u0432\u044a \u0433\u043e\u043b\u043e\u0432\u0443 \u044d\u0442\u043e \u0440\u0430\u0437\u0441\u0443\u0436\u0434\u0435\u043d\u0456\u0435, \u0431\u044b\u043b\u043e \u0442\u043e, \u0447\u0442\u043e \u2014 \u0441\u043d\u0438\u0441\u043a\u0438\u0432\u0430\u0442\u044c \u043b\u044e\u0431\u043e\u0432\u044c \u0431\u043b\u0438\u0436\u043d\u044f\u0433\u043e \u043d\u0430\u043f\u0440\u0430\u0441\u043d\u043e. \u0423 \u0414\u0438\u043a[\u0435\u043d\u0441\u0430] \u0441\u0442\u043e\u0438\u0442\u044a \u043d\u0430\u0440\u0430\u0432\u043d\u0463 \u0441\u044a \u0434\u0440\u0443\u0433\u0438\u043c\u0438 \u043f\u0440\u0430\u0432\u0438\u043b\u0430\u043c\u0438; \u044d\u0442\u043e \u043d\u0435 \u043c\u043e\u0436\u0435\u0442\u044a \u0431\u044b\u0442\u044c \u043f\u0440\u0430\u0432\u0438\u043b\u043e\u043c\u044a \u043e\u0441\u043d\u043e\u0432\u043d\u044b\u043c\u044a, \u043f\u043e\u0442\u043e\u043c\u0443 \u0447\u0442\u043e \u043e\u043d\u043e \u0441\u043b\u043e\u0436\u043d\u043e \u0438 \u0441\u043e\u0441\u0442\u043e\u0438\u0442\u044a \u0438\u0437\u044a \u043c\u043d\u043e\u0433\u0438\u0445\u044a. \u2014 \u0410 \u0432\u043f\u0440\u043e\u0447\u0435\u043c\u044a, \u043d\u0435\u0441\u043c\u043e\u0442\u0440\u044f \u043d\u0430 \u044d\u0442\u043e, \u043e\u043d\u043e \u043f\u043e\u043d\u044f\u0442\u043d\u0463\u0435, \u0432\u0441\u0435\u0433\u0434\u0430 \u043f\u0430\u043c\u044f\u0442\u043d\u0463\u0435 \u0438 \u043a\u0430\u043a\u044a \u0442\u043e \u0431\u043b\u0438\u0436\u0435 \u0441\u0435\u0440\u0434\u0446\u0443, \u0447\u0463\u043c\u044a \u0434\u0440\u0443\u0433\u0456\u044f \u043f\u0440\u0430\u0432\u0438\u043b\u0430 \u043e\u0441\u043d\u043e\u0432\u043d\u044b\u044f, \u043a\u0430\u043a\u044a \u0431\u044b\u0442\u044c \u0441\u043a\u0440\u043e\u043c\u043d\u044b\u043c\u044a, \u0434\u043e\u0432\u043e\u043b\u044c\u043d\u044b\u043c\u044a, \u0447\u0438\u0441\u0442\u043e\u0441\u0435\u0440\u0434\u0435\u0447\u043d\u044b\u043c\u044a.\n\n\u0423\u043f\u0440\u0435\u043a\u0430\u044e \u0441\u0435\u0431\u044f \u043d\u044b\u043d\u0447\u0435 1) \u0437\u0430 \u043f\u0440\u0430\u0437\u0434\u043d\u043e\u0441\u0442\u044c; \u043f\u043e\u0442\u043e\u043c\u0443 \u0447\u0442\u043e \u043d\u044b\u043d\u0463\u0448\u043d\u0456\u0439 \u0434\u0435\u043d\u044c, \u0441\u043a\u043e\u043b\u044c\u043a\u043e \u0431\u044b \u044f \u043d\u0435 \u0441\u0442\u0430\u0440\u0430\u043b\u0441\u044f \u043e\u043f\u0440\u0430\u0432\u0434\u0430\u0442\u044c \u0441\u0435\u0431\u044f, \u043e\u0434\u0438\u043d\u044a \u0438\u0437\u044a \u0442\u0463\u0445\u044a, \u0432\u044a \u043a\u043e\u0442\u043e\u0440\u044b\u0445\u044a, \u044f \u0434\u043e\u043b\u0436\u0435\u043d\u044a \u043f\u0440\u0438\u0437\u043d\u0430\u0442\u044c\u0441\u044f, \u044f \u0440\u043e\u0432\u043d\u043e \u043d\u0438\u0447\u0435\u0433\u043e \u043d\u0435 \u0441\u0434\u0463\u043b\u0430\u043b\u044a. \u2014 \u041d\u0435 \u043e\u0441\u0442\u0430\u0432\u0438\u043b\u044a \u043f\u043e \u0441\u0435\u0431\u0463 \u043d\u0438\u043a\u0430\u043a\u043e\u0433\u043e \u0441\u043b\u0463\u0434\u0430, \u0438 2) \u0437\u0430 \u0440\u0435\u0431\u044f\u0447\u0435\u0441\u043a\u0443\u044e \u043d\u0435\u0440\u0463\u0448\u0438\u0442\u0435\u043b\u044c\u043d\u043e\u0441\u0442\u044c \u0441\u044a \u0434\u0463\u0432\u043a\u0430\u043c\u0438. \u2014\u2014\u2014\u2014\u2014\u2014 (2)", "pub_date": "1854-07-27T00:00:00", "author": 2, "group": null, "image": ""}}, {"model": "posts.post", "pk": 34, "fields": {"text": "\u041f\u0438\u0448\u0443 \u0432\u044a \u0441\u0430\u043c\u043e\u043c\u044a \u043f\u0440\u0456\u044f\u0442\u043d\u043e\u043c\u044a \u0432\u0435\u0441\u0435\u043b\u043e\u043c\u044a \u0440\u0430\u0441\u043f\u043e\u043b\u043e\u0436\u0435\u043d\u0456\u0438 \u0434\u0443\u0445\u0430, \u0432\u044a \u043a\u043e\u0442\u043e\u0440\u043e\u043c\u044a \u044f \u043f\u0440\u043e\u0432\u0435\u043b\u044a \u0432\u0435\u0441\u044c \u0432\u0435\u0447\u0435\u0440\u044a. \u0423\u0442\u0440\u043e \u0447\u0438\u0442\u0430\u043b\u044a, \u043e\u0431\u044a\u0463\u0434\u0430\u043b\u0441\u044f \u0433\u0440\u0443\u0448\u0430\u043c\u0438 \u0438 \u0432\u043c\u0463\u0441\u0442\u043e \u043e\u0431\u0463\u0434\u0430 \u0463\u043b\u044a \u0441\u044b\u0440\u044a. \u041d\u0435\u0441\u043c\u043e\u0442\u0440\u044f \u043d\u0430 \u043a\u0443\u0442\u0435\u0436\u0438 \u0443 \u0421\u0442\u0430\u043b\u044b\u043f\u0438\u043d\u0430 \u0438 \u0421\u0435\u0440\u0436\u043f\u0443\u0442\u043e\u0432\u0441\u043a\u0430\u0433\u043e \u043f\u043e \u0441\u043b\u0443\u0447\u0430\u044e \u043f\u043e\u043b\u0443\u0447\u0435\u043d\u0456\u044f \u043d\u0430\u0433\u0440\u0430\u0434\u044a, \u043d\u0435 \u0437\u0430\u0432\u0438\u0434\u043e\u0432\u0430\u043b\u044a, \u0430 \u043f\u0440\u043e\u0432\u0435\u043b\u044a \u0434\u0435\u043d\u044c \u0432\u0435\u0441\u0435\u043b\u043e. \u0412\u0435\u0447\u0435\u0440\u043e\u043c\u044a \u0445\u0432\u0430\u0442\u0438\u043b\u044a \u0431\u043e\u0441\u043e\u043d\u043e\u0436[\u043a\u0443] \u0438 \u0432\u044b\u043f\u0438\u043b\u044a \u0431\u043e\u043a\u0430\u043b\u0430 \u0434\u0432\u0430 \u0448\u0430\u043c\u043f\u0430\u043d\u0441\u043a\u0430\u0433\u043e \u0441\u044a \u0428\u0432\u0430\u0440\u0446[\u0435\u043c\u044a], \u0412\u0435\u0439\u043b\u0435\u0440\u043e\u0432\u0441\u043a\u0438\u043c\u044a [?] \u0438 \u0413\u0435\u043c\u0431\u0438\u0447\u043e\u043c\u044a, \u043f\u043e\u0442\u043e\u043c\u044a \u0431\u043e\u043b\u0442\u0430\u043b\u044a \u0441\u044a \u0428\u0443\u0431\u0438\u043d\u044b\u043c\u044a \u0438 \u0441\u044a \u0421\u0430\u0448\u0435\u0439 \u0413\u043e\u0440\u0447\u0430\u043a\u043e\u0432\u044b\u043c\u044a. \u2014 \u0418\u0441\u043a\u043b\u044e\u0447\u0430\u044f \u043f\u0440\u0430\u0437\u0434\u043d\u043e\u0441\u0442\u0438, \u0434\u043d\u0435\u043c\u044a \u0441\u0432\u043e\u0438\u043c\u044a \u043e\u0447\u0435\u043d\u044c \u0434\u043e\u0432\u043e\u043b\u0435\u043d\u044a. (1)", "pub_date": "1854-07-28T00:00:00", "author": 2, "group": null, "image": ""}}, {"model": "posts.post", "pk": 35, "fields": {"text": "\u0418\u0441\u043f\u0440\u0430\u0432\u043b\u0435\u043d\u0456\u0435 \u043c\u043e\u0435 \u0438\u0434\u0435\u0442\u044a \u043f\u0440\u0435\u043a\u0440\u0430\u0441\u043d\u043e. \u042f \u0447\u0443\u0432\u0441\u0442\u0432\u0443\u044e, \u043a\u0430\u043a\u044a \u043e\u0442\u043d\u043e\u0448\u0435\u043d\u0456\u044f \u043c\u043e\u0438 \u0441\u0442\u0430\u043d\u043e\u0432\u044f\u0442\u0441\u044f \u043f\u0440\u0456\u044f\u0442\u043d\u044b \u0438 \u043b\u0435\u0433\u043a\u0438 \u0441\u044a \u043b\u044e\u0434\u044c\u043c\u0438 \u0432\u0441\u044f\u043a\u0430\u0433\u043e \u0440\u043e\u0434\u0430, \u0441\u044a \u0442\u0463\u0445\u044a \u043f\u043e\u0440\u044a \u043a\u0430\u043a\u044a \u044f \u0440\u0463\u0448\u0438\u043b\u0441\u044f \u0431\u044b\u0442\u044c \u0441\u043a\u0440\u043e\u043c\u043d\u044b\u043c\u044a \u0438 \u0443\u0431\u0463\u0434\u0438\u043b\u0441\u044f \u0432\u044a \u0442\u043e\u043c\u044a, \u0447\u0442\u043e \u043a\u0430\u0437\u0430\u0442\u044c\u0441\u044f \u0432\u0441\u0435\u0433\u0434\u0430 \u0432\u0435\u043b\u0438\u0447\u0435\u0441\u0442\u0432\u0435\u043d\u043d\u044b\u043c\u044a \u0438 \u043d\u0435\u043f\u043e\u0433\u0440\u0463\u0448\u043d\u044b\u043c\u044a \u0432\u043e\u0432\u0441\u0435 \u043d\u0435 \u0435\u0441\u0442\u044c \u043d\u0435\u043e\u0431\u0445\u043e\u0434\u0438\u043c\u043e\u0441\u0442\u044c. \u042f \u043e\u0447\u0435\u043d\u044c \u0432\u0435\u0441\u0435\u043b\u044a. \u0418 \u0434\u0430\u0439 \u0411\u043e\u0433\u044a, \u043a\u0430\u043a\u044a \u043c\u043d\u0463 \u043a\u0430\u0436\u0435\u0442\u0441\u044f, \u2014 \u0447\u0442\u043e\u0431\u044b \u0432\u0435\u0441\u0435\u043b\u044c\u0435 \u044d\u0442\u043e \u043f\u0440\u043e\u0438\u0441\u0445\u043e\u0434\u0438\u043b\u043e \u043e\u0442\u044a \u0441\u0430\u043c\u0430\u0433\u043e \u043c\u0435\u043d\u044f; \u043e\u0442\u044a \u0436\u0435\u043b\u0430\u043d\u0456\u0439 \u0432\u0441\u0463\u043c\u044a \u0431\u044b\u0442\u044c \u043f\u0440\u0456\u044f\u0442\u043d\u044b\u043c\u044a, \u0441\u043a\u0440\u043e\u043c\u043d\u043e\u0441\u0442\u0438, \u043d\u0435\u043e\u0431\u0438\u0434\u0447\u0438\u0432\u043e\u0441\u0442\u0438 \u0438 \u0432\u043d\u0438\u043c\u0430\u0442\u0435\u043b\u044c\u043d\u043e\u0441\u0442\u0438 \u0437\u0430 \u0432\u0441\u043f\u044b\u0448\u043a\u0430\u043c\u0438. \u2014 \u0422\u043e\u0433\u0434\u0430 \u0431\u044b \u044f \u0432\u0441\u0435\u0433\u0434\u0430 \u0431\u044b\u043b\u044a \u0432\u0435\u0441\u0435\u043b\u044a \u0438 \u043f\u043e\u0447\u0442\u0438 \u0432\u0441\u0435\u0433\u0434\u0430 \u0441\u0447\u0430\u0441\u0442\u043b\u0438\u0432\u044a. \u0423\u0442\u0440\u043e\u043c\u044a \u0440\u0463\u0448\u0438\u043b\u044a \u0431\u044b\u043b\u043e \u0441\u0438\u0434\u0463\u0442\u044c \u0434\u043e\u043c\u0430, \u043f\u043e\u0437\u0430\u043d\u0438\u043c\u0430\u0442\u044c\u0441\u044f, \u043d\u043e \u0434\u0463\u043b\u043e \u043d\u0435 \u043f\u043e\u0448\u043b\u043e \u0438 \u043d\u0435 \u0443\u0442\u0435\u0440\u043f\u0463\u043b\u044a \u0432\u0435\u0447\u0435\u0440\u043e\u043c\u044a, \u0447\u0442\u043e\u0431\u044b \u043d\u0435 \u043f\u043e\u0439\u0434\u0442\u0438 \u043f\u043e\u0448\u043b\u044f\u0442\u044c\u0441\u044f.\n\n\u0418\u0434\u044f \u043e\u0442\u044a \u0443\u0436\u0438\u043d\u0430, \u043c\u044b \u0441\u044a \u0422\u0438\u0448\u043a[\u0435\u0432\u0438\u0447\u0435\u043c\u044a] \u043e\u0441\u0442\u0430\u043d\u043e\u0432\u0438\u043b\u0438\u0441\u044c \u0443 \u0431\u0430\u0440\u0434\u0435\u043b\u0438 \u0438 \u043d\u0430\u0441\u044a \u043d\u0430\u043a\u0440\u044b\u043b\u044a \u041a\u0440\u044b\u0436\u0430\u043d\u043e\u0432\u0441\u043a\u0456\u0439, \u0447\u0442\u043e, \u043f\u0440\u0438\u0437\u043d\u0430\u044e\u0441\u044c, \u0431\u044b\u043b\u043e \u043c\u043d\u0463 \u043d\u0435 \u0441\u043e\u0432\u0441\u0463\u043c\u044a \u043f\u0440\u0456\u044f\u0442\u043d\u043e. \u0423\u043f\u0440\u0435\u043a\u0430\u044e \u0441\u0435\u0431\u044f \u0437\u0430 \u0431\u0435\u0437\u0445\u0430\u0440\u0430\u043a\u0442\u0435\u0440\u043d\u043e\u0441\u0442\u044c, \u0447\u0442\u043e \u043d\u0435 \u0432\u044b\u0441\u0438\u0434\u0463\u043b\u044a \u0434\u043e\u043c\u0430, \u0438 \u0437a \u043f\u0440\u0430\u0437\u0434\u043d\u043e\u0441\u0442\u044c \u0446\u0463\u043b\u0430\u0433\u043e \u0434\u043d\u044f. \u042d\u0442\u043e \u0433\u043b\u0430\u0432\u043d\u044b\u0439 \u043f\u0443\u043d\u043a\u0442\u044a. (2)", "pub_date": "1854-07-29T00:00:00", "author": 2, "group": null, "image": ""}}, {"model": "posts.post", "pk": 36, "fields": {"text": "[\u0420\u044b\u043c\u043d\u0438\u043a.] \u0421\u0434\u0463\u043b\u0430\u043b\u044a \u0432\u0435\u0440\u0445\u043e\u043c\u044a \u043f\u0435\u0440\u0435\u0445\u043e\u0434\u044a \u0434\u043e \u0420\u044b\u043c\u043d\u0438\u043a\u0430. [[5]] \u0421\u0442\u0430\u0440\u0438\u043a\u044a \u0432\u0441\u0435 \u043d\u0435 \u043a\u043b\u0430\u043d\u044f\u0435\u0442\u0441\u044f \u043c\u043d\u0463. \u041e\u0431\u0463 \u0432\u0435\u0449\u0438 \u044d\u0442\u0438 \u0437\u043b\u044f\u0442\u044a \u043c\u0435\u043d\u044f. \u0421\u044a \u0432\u0441\u0442\u0440\u0463\u0447\u0430\u0432\u0448\u0438\u043c\u0438\u0441\u044f \u0431\u0430\u0448\u0438-\u0431\u0443\u0437\u0443\u043a\u0430\u043c\u0438 \u0432\u0435\u043b\u044a \u0441\u0435\u0431\u044f \u0445\u043e\u0440\u043e\u0448\u043e. \u041e\u0431\u044a\u044f\u0441\u043d\u0438\u043b\u0441\u044f \u0441\u044a \u041a\u0440\u044b\u0436\u0430\u043d\u043e\u0432\u0441\u043a\u0438\u043c\u044a. \u041e\u043d\u044a, \u043d\u0435 \u0437\u043d\u0430\u044e \u0437\u0430\u0447\u0463\u043c\u044a, \u0441\u043e\u0432\u0463\u0442\u0443\u0435\u0442\u044a \u043c\u043d\u0463 \u043f\u0440\u0438\u043a\u043e\u043c\u0430\u043d\u0434\u0438\u0440\u043e\u0432\u0430\u0442\u044c\u0441\u044f \u043a\u044a \u043a\u0430\u0437\u0430\u0447\u044c\u0435\u0439 \u0431\u0430\u0442\u0430\u0440\u0435\u0463; \u0441\u043e\u0432\u0463\u0442\u044a, \u043a\u043e\u0442\u043e\u0440\u043e\u043c\u0443 \u044f \u043d\u0435 \u043f\u043e\u0441\u043b\u0463\u0434\u0443\u044e. \u0416\u0435\u043b\u0447\u043d\u043e \u0441\u043f\u043e\u0440\u0438\u043b\u044a \u0432\u0435\u0447\u0435\u0440\u043e\u043c\u044a \u0441\u044a \u0424\u0440\u0438\u0434\u0435 \u0438 \u0411\u0430\u0431\u0430\u0440\u044b\u043a\u0438\u043d\u044b\u043c\u044a, \u0440\u0443\u0433\u0430\u043b\u044a \u0421\u0435\u0440\u0436\u043f\u0443\u0442\u043e\u0432\u0441\u043a\u043e\u043c\u0443 \u0438 \u043d\u0438\u0447\u0435\u0433\u043e \u043d\u0435 \u0441\u0434\u0463\u043b\u0430\u043b\u044a, \u0432\u043e\u0442\u044a 3 \u0443\u043f\u0440\u0435\u043a\u0430, \u043a\u043e\u0442\u043e\u0440\u044b\u044f \u0434\u0463\u043b\u0430\u044e \u0441\u0435\u0431\u0463 \u0437\u0430 \u043d\u044b\u043d\u0463\u0448\u043d\u0456\u0439 \u0434\u0435\u043d\u044c. (3)", "pub_date": "1854-07-30T00:00:00", "author": 2, "group": 1, "image": ""}}, {"model": "posts.post", "pk": 39, "fields": {"text": "Oops, I did it again!", "pub_date": "2021-05-31T18:11:34.623", "author": 3, "group": null, "image": ""}}, {"model": "posts.post", "pk": 40, "fields": {"text": "\u0423\u0442\u0440\u043e\u043c\u044a \u0433\u043e\u043b\u044c\u0434\u044a \u0414\u0435\u0440\u0441\u0443 \u0423\u0437\u0430\u043b\u0430 \u043d\u0430 \u043f\u043e\u0432\u0442\u043e\u0440\u043d\u043e \u0437\u0430\u0434\u0430\u043d\u043d\u044b\u0439 \u0432\u043e\u043f\u0440\u043e\u0441\u044a \u0441\u043e\u0433\u043b\u0430\u0441\u0435\u043d\u044a \u043b\u0438 \u043e\u043d\u044a \u043f\u043e\u0441\u0442\u0443\u043f\u0438\u0442\u044c \u043f\u0440\u043e\u0432\u043e\u0434\u043d\u0438\u043a\u043e\u043c\u044a \u0438\u0437\u044a\u044f\u0432\u0438\u043b\u044a \u0441\u0432\u043e\u0435 \u0441\u043e\u0433\u043b\u0430\u0441\u0456\u0435 \u0438 \u0441\u044a \u044d\u0442\u043e\u0433\u043e \u043c\u043e\u043c\u0435\u043d\u0442\u0430 \u043e\u043d\u044a \u0441\u0442\u0430\u043b\u044a \u0447\u043b\u0435\u043d\u043e\u043c \u044d\u043a\u0441\u043f\u0435\u0434\u0438\u0446\u0456\u0438.", "pub_date": "2021-05-31T18:11:50.827", "author": 3, "group": 4, "image": ""}}, {"model": "posts.post", "pk": 41, "fields": {"text": "\u041f\u043e\u0441\u0442 \u043d\u043e\u043c\u0435\u0440 1", "pub_date": "2021-06-13T15:09:32.560", "author": 5, "group": 4, "image": ""}}, {"model": "posts.post", "pk": 42, "fields": {"text": "rgergerew1111", "pub_date": "2021-06-13T15:09:48.322", "author": 5, "group": 4, "image": ""}}, {"model": "posts.post", "pk": 43, "fields": {"text": "\u041f\u0440\u0438\u0432\u0435\u0442", "pub_date": "2021-06-14T12:23:47.017", "author": 5, "group": 4, "image": ""}}, {"model": "posts.post", "pk": 44, "fields": {"text": "11111", "pub_date": "2021-06-14T12:24:29.013", "author": 5, "group": null, "image": ""}}, {"model": "posts.post", "pk": 45, "fields": {"text": "11111", "pub_date": "2021-06-14T12:25:13.751", "author": 5, "group": null, "image": ""}}, {"model": "posts.post", "pk": 46, "fields": {"text": "32524524", "pub_date": "2021-06-14T12:25:50.014", "author": 5, "group": 4, "image": ""}}, {"model": "posts.post", "pk": 47, "fields": {"text": "\u0425\u0430\u044e \u0445\u0430\u0439", "pub_date": "2021-06-14T12:26:34.153", "author": 5, "group": 4, "image": ""}}, {"model": "posts.post", "pk": 48, "fields": {"text": "\u0425\u0430\u044e \u0445\u0430\u0439", "pub_date": "2021-06-14T12:27:06.048", "author": 5, "group": 4, "image": ""}}, {"model": "posts.post", "pk": 49, "fields": {"text": "\u0425\u0430\u044e \u0445\u0430\u0439", "pub_date": "2021-06-14T12:27:30.831", "author": 5, "group": 4, "image": ""}}, {"model": "posts.post", "pk": 50, "fields": {"text": "1111", "pub_date": "2021-06-14T12:27:48.777", "author": 5, "group": 4, "image": ""}}, {"model": "posts.post", "pk": 51, "fields": {"text": "111", "pub_date": "2021-06-14T12:29:08.338", "author": 5, "group": null, "image": ""}}, {"model": "posts.post", "pk": 52, "fields": {"text": "456", "pub_date": "2021-06-14T12:29:24.849", "author": 5, "group": null, "image": ""}}, {"model": "posts.post", "pk": 53, "fields": {"text": "\u041d\u043e\u0432\u0430\u044f \u0437\u0430\u043f\u0438\u0441\u044c", "pub_date": "2021-06-14T12:32:49.713", "author": 5, "group": 4, "image": ""}}, {"model": "posts.post", "pk": 54, "fields": {"text": "Help me please", "pub_date": "2021-06-14T12:45:06.523", "author": 5, "group": 4, "image": ""}}, {"model": "posts.post", "pk": 55, "fields": {"text": "grgergerg", "pub_date": "2021-06-14T12:46:07.640", "author": 5, "group": null, "image": ""}}, {"model": "posts.post", "pk": 56, "fields": {"text": "\u041f\u0440\u043e\u0432\u0435\u0440\u043a\u0430 \u0434\u043e\u0431\u0430\u0432\u043b\u0435\u043d\u0438\u044f \u043d\u043e\u0432\u043e\u0439 \u0437\u0430\u043f\u0438\u0441\u0438", "pub_date": "2021-06-14T12:46:28.137", "author": 5, "group": 3, "image": ""}}, {"model": "posts.post", "pk": 57, "fields": {"text": "\u0440\u043f\u0440\u0443\u043a\u0448\u043f\u0443\u043a\u0449\u043f111", "pub_date": "2021-06-14T12:46:50.385", "author": 5, "group": 4, "image": ""}}, {"model": "posts.post", "pk": 58, "fields": {"text": "\u041d\u043e\u0432\u0430\u044f \u0437\u0430\u043f\u0438\u0441\u044c1", "pub_date": "2021-06-14T13:27:02.084", "author": 5, "group": 4, "image": ""}}, {"model": "posts.post", "pk": 59, "fields": {"text": "\u041d\u043e\u0432\u0430\u044f \u0437\u0430\u043f\u0438\u0441\u044c", "pub_date": "2021-06-14T13:27:44.032", "author": 5, "group": 4, "image": ""}}, {"model": "posts.post", "pk": 60, "fields": {"text": "\u041f\u0440\u043e\u0432\u0435\u0440\u043a\u0430 \u0440\u0435\u0434\u0430\u043a\u0442\u0438\u0440\u0432\u043e\u0430\u043d\u0438\u044f \u0437\u0430\u043f\u0438\u0441\u0438", "pub_date": "2021-06-14T13:27:54.336", "author": 5, "group": 4, "image": ""}}, {"model": "posts.post", "pk": 61, "fields": {"text": "gdgth235235", "pub_date": "2021-06-14T13:28:11.743", "author": 5, "group": 4, "image": ""}}, {"model": "posts.post", "pk": 62, "fields": {"text": "\u041f\u0440\u043e\u0432\u0435\u0440\u043a\u0430 \u0434\u043e\u0431\u0430\u0432\u043b\u0435\u043d\u0438\u044f \u043d\u043e\u0432\u043e\u0439 \u0437\u0430\u043f\u0438\u0441\u0438", "pub_date": "2021-06-14T13:33:54.317", "author": 5, "group": 4, "image": ""}}, {"model": "posts.post", "pk": 63, "fields": {"text": "\u041f\u0440\u043e\u0432\u0435\u0440\u043a\u0430 \u0434\u043e\u0431\u0430\u0432\u043b\u0435\u043d\u0438\u044f \u043d\u043e\u0432\u043e\u0439 \u0437\u0430\u043f\u0438\u0441\u0438", "pub_date": "2021-06-14T13:34:22.511", "author": 5, "group": 4, "image": ""}}, {"model": "posts.post", "pk": 64, "fields": {"text": "grewgrerf", "pub_date": "2021-06-14T13:34:30.128", "author": 5, "group": null, "image": ""}}, {"model": "posts.post", "pk": 65, "fields": {"text": "\u043f\u0440\u043e\u0432\u0435\u0440\u043a\u0430 2\u0434\u043e\u0431\u0430\u0432\u043b\u0435\u043d\u0438\u044f \u043d\u043e\u0432\u043e\u0439 \u0437\u0430\u043f\u0438\u0441\u0438", "pub_date": "2021-06-14T13:35:28.250", "author": 5, "group": 4, "image": ""}}, {"model": "posts.post", "pk": 66, "fields": {"text": "defwe", "pub_date": "2021-06-14T13:36:51.755", "author": 5, "group": null, "image": ""}}, {"model": "posts.post", "pk": 67, "fields": {"text": "rgergeth", "pub_date": "2021-06-14T13:41:38.162", "author": 5, "group": null, "image": ""}}, {"model": "posts.post", "pk": 68, "fields": {"text": "rgergeth", "pub_date": "2021-06-14T13:42:18.033", "author": 5, "group": null, "image": ""}}, {"model": "posts.post", "pk": 69, "fields": {"text": "rgergeth", "pub_date": "2021-06-14T13:45:57.663", "author": 5, "group": null, "image": ""}}, {"model": "posts.post", "pk": 70, "fields": {"text": "ff", "pub_date": "2021-06-14T13:46:07.925", "author": 5, "group": null, "image": ""}}, {"model": "posts.post", "pk": 71, "fields": {"text": "ff", "pub_date": "2021-06-14T13:46:18.302", "author": 5, "group": null, "image": ""}}, {"model": "posts.post", "pk": 72, "fields": {"text": "ff", "pub_date": "2021-06-14T13:46:30.599", "author": 5, "group": null, "image": ""}}, {"model": "posts.post", "pk": 73, "fields": {"text": "ff", "pub_date": "2021-06-14T13:46:42.282", "author": 5, "group": null, "image": ""}}, {"model": "posts.post", "pk": 74, "fields": {"text": "ff", "pub_date": "2021-06-14T13:47:30.415", "author": 5, "group": null, "image": ""}}, {"model": "posts.post", "pk": 75, "fields": {"text": "ff", "pub_date": "2021-06-14T13:47:51.572", "author": 5, "group": null, "image": ""}}, {"model": "posts.post", "pk": 76, "fields": {"text": "ff", "pub_date": "2021-06-14T13:48:05.795", "author": 5, "group": null, "image": ""}}, {"model": "posts.post", "pk": 77, "fields": {"text": "ff", "pub_date": "2021-06-14T13:48:21.077", "author": 5, "group": null, "image": ""}}, {"model": "posts.post", "pk": 78, "fields": {"text": "ff", "pub_date": "2021-06-14T13:49:03.229", "author": 5, "group": null, "image": ""}}, {"model": "posts.post", "pk": 79, "fields": {"text": "ff", "pub_date": "2021-06-14T13:49:38.648", "author": 5, "group": null, "image": ""}}, {"model": "posts.post", "pk": 80, "fields": {"text": "ff", "pub_date": "2021-06-14T13:49:50.150", "author": 5, "group": null, "image": ""}}, {"model": "posts.post", "pk": 81, "fields": {"text": "ff", "pub_date": "2021-06-14T13:52:34.468", "author": 5, "group": null, "image": ""}}, {"model": "posts.post", "pk": 82, "fields": {"text": "ff", "pub_date": "2021-06-14T13:53:33.934", "author": 5, "group": null, "image": ""}}, {"model": "posts.post", "pk": 83, "fields": {"text": "ff", "pub_date": "2021-06-14T13:53:54.449", "author": 5, "group": null, "image": ""}}, {"model": "posts.post", "pk": 84, "fields": {"text": "ff", "pub_date": "2021-06-14T13:54:03.169", "author": 5, "group": null, "image": ""}}, {"model": "posts.post", "pk": 85, "fields": {"text": "ff", "pub_date": "2021-06-14T13:58:53.216", "author": 5, "group": null, "image": ""}}, {"model": "posts.post", "pk": 86, "fields": {"text": "ff", "pub_date": "2021-06-14T13:59:07.303", "author": 5, "group": null, "image": ""}}, {"model": "posts.post", "pk": 87, "fields": {"text": "ff", "pub_date": "2021-06-14T13:59:19.298", "author": 5, "group": null, "image": ""}}, {"model": "posts.post", "pk": 88, "fields": {"text": "ff", "pub_date": "2021-06-14T13:59:35.144", "author": 5, "group": null, "image": ""}}, {"model": "posts.post", "pk": 89, "fields": {"text": "ff", "pub_date": "2021-06-14T13:59:44.609", "author": 5, "group": null, "image": ""}}, {"model": "posts.post", "pk": 90, "fields": {"text": "ff", "pub_date": "2021-06-14T14:01:59.928", "author": 5, "group": null, "image": ""}}, {"model": "posts.post", "pk": 91, "fields": {"text": "ff", "pub_date": "2021-06-14T14:04:57.678", "author": 5, "group": null, "image": ""}}, {"model": "posts.post", "pk": 92, "fields": {"text": "ff", "pub_date": "2021-06-14T14:05:04.106", "author": 5, "group": null, "image": ""}}, {"model": "posts.post", "pk": 93, "fields": {"text": "ff", "pub_date": "2021-06-14T14:06:06.878", "author": 5, "group": null, "image": ""}}, {"model": "posts.post", "pk": 94, "fields": {"text": "ff", "pub_date": "2021-06-14T14:07:00.913", "author": 5, "group": null, "image": ""}}, {"model": "posts.post", "pk": 95, "fields": {"text": "ff", "pub_date": "2021-06-14T14:08:22.784", "author": 5, "group": null, "image": ""}}, {"model": "posts.post", "pk": 96, "fields": {"text": "ff", "pub_date": "2021-06-14T14:08:42.990", "author": 5, "group": null, "image": ""}}, {"model": "posts.post", "pk": 97, "fields": {"text": "ffd", "pub_date": "2021-06-14T14:11:51.829", "author": 5, "group": null, "image": ""}}, {"model": "posts.post", "pk": 98, "fields": {"text": "sss", "pub_date": "2021-06-14T14:12:37.371", "author": 5, "group": null, "image": ""}}, {"model": "posts.post", "pk": 99, "fields": {"text": "wrlvkernb", "pub_date": "2021-06-14T14:14:22.831", "author": 5, "group": 4, "image": ""}}, {"model": "posts.post", "pk": 100, "fields": {"text": "100 \u0437\u0430\u043f\u0438\u0441\u044c", "pub_date": "2021-06-14T14:15:26.996", "author": 5, "group": 4, "image": ""}}, {"model": "posts.post", "pk": 101, "fields": {"text": "dd", "pub_date": "2021-06-14T14:19:07.291", "author": 5, "group": null, "image": ""}}, {"model": "posts.post", "pk": 102, "fields": {"text": "dd", "pub_date": "2021-06-14T14:20:43.328", "author": 5, "group": null, "image": ""}}, {"model": "posts.post", "pk": 103, "fields": {"text": "4", "pub_date": "2021-06-14T14:22:26.347", "author": 5, "group": null, "image": ""}}, {"model": "posts.post", "pk": 104, "fields": {"text": "4", "pub_date": "2021-06-14T14:23:01.268", "author": 5, "group": null, "image": ""}}, {"model": "posts.post", "pk": 105, "fields": {"text": "4", "pub_date": "2021-06-14T14:24:59.585", "author": 5, "group": null, "image": ""}}, {"model": "posts.post", "pk": 106, "fields": {"text": "4", "pub_date": "2021-06-14T14:25:46.206", "author": 5, "group": null, "image": ""}}, {"model": "posts.post", "pk": 107, "fields": {"text": "4", "pub_date": "2021-06-14T14:30:15.576", "author": 5, "group": null, "image": ""}}, {"model": "posts.post", "pk": 108, "fields": {"text": "4", "pub_date": "2021-06-14T14:31:38.691", "author": 5, "group": null, "image": ""}}, {"model": "posts.post", "pk": 109, "fields": {"text": "107", "pub_date": "2021-06-14T14:32:02.240", "author": 5, "group": null, "image": ""}}, {"model": "posts.post", "pk": 110, "fields": {"text": "110", "pub_date": "2021-06-14T14:39:29.662", "author": 5, "group": null, "image": ""}}, {"model": "posts.post", "pk": 111, "fields": {"text": "1", "pub_date": "2021-06-14T14:41:08.866", "author": 5, "group": null, "image": ""}}, {"model": "posts.post", "pk": 112, "fields": {"text": "765", "pub_date": "2021-06-14T14:49:10.260", "author": 5, "group": 4, "image": ""}}, {"model": "posts.post", "pk": 113, "fields": {"text": "765", "pub_date": "2021-06-14T14:49:34.482", "author": 5, "group": 4, "image": ""}}, {"model": "posts.post", "pk": 114, "fields": {"text": "765", "pub_date": "2021-06-14T14:49:38.841", "author": 5, "group": 4, "image": ""}}, {"model": "posts.post", "pk": 115, "fields": {"text": "765", "pub_date": "2021-06-14T14:50:25.937", "author": 5, "group": 4, "image": ""}}, {"model": "posts.post", "pk": 116, "fields": {"text": "765", "pub_date": "2021-06-14T14:50:29.514", "author": 5, "group": 4, "image": ""}}, {"model": "posts.post", "pk": 117, "fields": {"text": "765", "pub_date": "2021-06-14T14:50:38.971", "author": 5, "group": 4, "image": ""}}, {"model": "posts.post", "pk": 118, "fields": {"text": "999", "pub_date": "2021-06-14T14:50:44.426", "author": 5, "group": null, "image": ""}}, {"model": "posts.post", "pk": 119, "fields": {"text": "1243", "pub_date": "2021-06-14T15:12:52.686", "author": 5, "group": 4, "image": ""}}, {"model": "posts.post", "pk": 120, "fields": {"text": "\u0412\u0441\u0435\u043c \u043f\u0440\u0438\u0432\u0435\u0442!", "pub_date": "2021-06-15T20:51:33.826", "author": 4, "group": 4, "image": ""}}, {"model": "posts.post", "pk": 121, "fields": {"text": "KY", "pub_date": "2021-06-15T20:52:38.935", "author": 4, "group": null, "image": ""}}, {"model": "posts.post", "pk": 122, "fields": {"text": "KY", "pub_date": "2021-06-15T20:54:42.927", "author": 4, "group": null, "image": ""}}, {"model": "posts.post", "pk": 123, "fields": {"text": "KY", "pub_date": "2021-06-15T20:55:22.938", "author": 4, "group": null, "image": ""}}, {"model": "posts.post", "pk": 124, "fields": {"text": "KY", "pub_date": "2021-06-15T20:55:43.535", "author": 4, "group": null, "image": ""}}, {"model": "posts.post", "pk": 125, "fields": {"text": "KY", "pub_date": "2021-06-15T20:58:49.330", "author": 4, "group": null, "image": ""}}, {"model": "posts.post", "pk": 126, "fields": {"text": "KY", "pub_date": "2021-06-15T20:59:48.079", "author": 4, "group": null, "image": ""}}, {"model": "posts.post", "pk": 127, "fields": {"text": "KY", "pub_date": "2021-06-15T21:00:08.207", "author": 4, "group": null, "image": ""}}, {"model": "posts.post", "pk": 128, "fields": {"text": "KY", "pub_date": "2021-06-15T21:00:50.124", "author": 4, "group": null, "image": ""}}, {"model": "posts.post", "pk": 129, "fields": {"text": "KY", "pub_date": "2021-06-15T21:02:51.966", "author": 4, "group": null, "image": ""}}, {"model": "posts.post", "pk": 130, "fields": {"text": "KY", "pub_date": "2021-06-15T21:04:10.950", "author": 4, "group": null, "image": ""}}, {"model": "posts.post", "pk": 131, "fields": {"text": "sss", "pub_date": "2021-06-15T21:04:22.401", "author": 4, "group": null, "image": ""}}, {"model": "posts.post", "pk": 132, "fields": {"text": "sss", "pub_date": "2021-06-15T21:04:52.021", "author": 4, "group": null, "image": ""}}, {"model": "posts.post", "pk": 133, "fields": {"text": "sss", "pub_date": "2021-06-15T21:04:57.105", "author": 4, "group": null, "image": ""}}, {"model": "posts.post", "pk": 134, "fields": {"text": "dddd", "pub_date": "2021-06-15T21:05:03.127", "author": 4, "group": null, "image": ""}}, {"model": "posts.post", "pk": 135, "fields": {"text": "dddd", "pub_date": "2021-06-15T21:06:56.495", "author": 4, "group": null, "image": ""}}, {"model": "posts.post", "pk": 136, "fields": {"text": "dddd", "pub_date": "2021-06-15T21:10:33.753", "author": 4, "group": null, "image": ""}}, {"model": "posts.post", "pk": 137, "fields": {"text": "dddd", "pub_date": "2021-06-15T21:10:56.790", "author": 4, "group": null, "image": ""}}, {"model": "posts.post", "pk": 138, "fields": {"text": "dddd", "pub_date": "2021-06-15T21:11:59.232", "author": 4, "group": null, "image": ""}}, {"model": "posts.post", "pk": 139, "fields": {"text": "dddd23", "pub_date": "2021-06-15T21:19:50.975", "author": 4, "group": 4, "image": ""}}, {"model": "posts.post", "pk": 140, "fields": {"text": "Hello1", "pub_date": "2021-06-15T21:20:00.321", "author": 4, "group": 4, "image": ""}}, {"model": "posts.post", "pk": 141, "fields": {"text": "\u041d\u043e\u0432\u0430\u044f \u0437\u0430\u043f\u0438\u0441\u044c", "pub_date": "2021-06-15T22:32:00.396", "author": 4, "group": null, "image": ""}}, {"model": "posts.post", "pk": 142, "fields": {"text": "\u0415\u0449\u04511121345", "pub_date": "2021-06-15T22:32:35.021", "author": 4, "group": 4, "image": ""}}, {"model": "posts.post", "pk": 143, "fields": {"text": "\u043a\u0443", "pub_date": "2021-06-15T22:34:09.769", "author": 4, "group": 4, "image": ""}}, {"model": "posts.post", "pk": 144, "fields": {"text": "2223", "pub_date": "2021-06-15T22:35:50.364", "author": 4, "group": null, "image": ""}}, {"model": "posts.post", "pk": 145, "fields": {"text": "111345", "pub_date": "2021-06-15T22:44:23.291", "author": 4, "group": 4, "image": ""}}, {"model": "posts.post", "pk": 146, "fields": {"text": "New post", "pub_date": "2021-06-15T23:14:12.539", "author": 4, "group": null, "image": ""}}, {"model": "posts.post", "pk": 147, "fields": {"text": "New post", "pub_date": "2021-06-15T23:16:33.012", "author": 4, "group": null, "image": ""}}, {"model": "posts.post", "pk": 148, "fields": {"text": "New post312342356666666666666661", "pub_date": "2021-06-15T23:17:32.920", "author": 4, "group": 4, "image": ""}}, {"model": "posts.post", "pk": 149, "fields": {"text": "111", "pub_date": "2021-06-16T00:04:18.832", "author": 4, "group": null, "image": ""}}, {"model": "posts.post", "pk": 150, "fields": {"text": "111", "pub_date": "2021-06-16T00:06:26.195", "author": 4, "group": null, "image": ""}}, {"model": "posts.post", "pk": 151, "fields": {"text": "111", "pub_date": "2021-06-16T00:07:10.320", "author": 4, "group": null, "image": ""}}, {"model": "posts.post", "pk": 152, "fields": {"text": "111", "pub_date": "2021-06-16T00:35:28.742", "author": 4, "group": null, "image": ""}}, {"model": "posts.post", "pk": 153, "fields": {"text": "111", "pub_date": "2021-06-16T00:36:36.828", "author": 4, "group": null, "image": ""}}, {"model": "posts.post", "pk": 154, "fields": {"text": "111", "pub_date": "2021-06-16T00:36:56.996", "author": 4, "group": null, "image": ""}}, {"model": "posts.post", "pk": 155, "fields": {"text": "111", "pub_date": "2021-06-16T00:37:13.571", "author": 4, "group": null, "image": ""}}, {"model": "posts.post", "pk": 156, "fields": {"text": "111", "pub_date": "2021-06-16T00:37:51.201", "author": 4, "group": null, "image": ""}}, {"model": "posts.post", "pk": 157, "fields": {"text": "111", "pub_date": "2021-06-16T00:41:09.063", "author": 4, "group": null, "image": ""}}, {"model": "posts.post", "pk": 158, "fields": {"text": "111", "pub_date": "2021-06-16T00:41:57.146", "author": 4, "group": null, "image": ""}}, {"model": "posts.post", "pk": 159, "fields": {"text": "11", "pub_date": "2021-06-16T01:05:36.018", "author": 4, "group": null, "image": ""}}, {"model": "posts.post", "pk": 160, "fields": {"text": "11", "pub_date": "2021-06-16T01:06:03.954", "author": 4, "group": null, "image": ""}}, {"model": "posts.post", "pk": 161, "fields": {"text": "11", "pub_date": "2021-06-16T01:06:16.935", "author": 4, "group": null, "image": ""}}, {"model": "posts.post", "pk": 162, "fields": {"text": "11", "pub_date": "2021-06-16T01:06:25.963", "author": 4, "group": null, "image": ""}}, {"model": "posts.post", "pk": 163, "fields": {"text": "44", "pub_date": "2021-06-16T01:20:20.867", "author": 4, "group": null, "image": ""}}, {"model": "posts.post", "pk": 164, "fields": {"text": "\u0410\u0434\u043c\u0438\u043d\u0438\u0441\u0442\u0440\u0430\u0446\u0438\u044f", "pub_date": "2021-06-16T01:21:48.629", "author": 4, "group": null, "image": ""}}, {"model": "posts.post", "pk": 165, "fields": {"text": "134", "pub_date": "2021-06-16T01:22:00.937", "author": 4, "group": 4, "image": ""}}, {"model": "posts.post", "pk": 166, "fields": {"text": "\u041d\u043e\u0432\u044b\u0439 \u043f\u043e\u0441\u0442", "pub_date": "2021-06-16T13:41:44.517", "author": 6, "group": 4, "image": ""}}, {"model": "posts.post", "pk": 167, "fields": {"text": "\u0415\u0449\u0451 \u043e\u0434\u0438\u043d \u043d\u043e\u0432\u044b\u0439 \u043f\u043e\u0441\u0442", "pub_date": "2021-06-16T13:42:29.772", "author": 6, "group": null, "image": ""}}, {"model": "posts.post", "pk": 168, "fields": {"text": "", "pub_date": "2021-06-16T15:10:01.363", "author": 4, "group": null, "image": ""}}, {"model": "posts.post", "pk": 169, "fields": {"text": "", "pub_date": "2021-06-16T15:15:47.294", "author": 4, "group": null, "image": ""}}, {"model": "posts.post", "pk": 170, "fields": {"text": "", "pub_date": "2021-06-16T15:15:52.479", "author": 4, "group": null, "image": ""}}, {"model": "posts.post", "pk": 171, "fields": {"text": "", "pub_date": "2021-06-16T15:16:01.210", "author": 4, "group": null, "image": ""}}, {"model": "posts.post", "pk": 172, "fields": {"text": "45678", "pub_date": "2021-06-16T15:16:04.583", "author": 4, "group": null, "image": ""}}, {"model": "posts.post", "pk": 173, "fields": {"text": "", "pub_date": "2021-06-16T15:16:06.229", "author": 4, "group": null, "image": ""}}, {"model": "posts.post", "pk": 174, "fields": {"text": "0987654321", "pub_date": "2021-06-16T15:16:13.386", "author": 4, "group": null, "image": ""}}, {"model": "posts.post", "pk": 175, "fields": {"text": "", "pub_date": "2021-06-16T15:25:55.239", "author": 4, "group": null, "image": ""}}, {"model": "posts.post", "pk": 176, "fields": {"text": "new1", "pub_date": "2021-06-16T15:29:03.611", "author": 4, "group": 4, "image": ""}}, {"model": "posts.post", "pk": 177, "fields": {"text": "\u043a\u0443\u0443", "pub_date": "2021-06-16T15:33:08.944", "author": 4, "group": 4, "image": ""}}, {"model": "posts.post", "pk": 178, "fields": {"text": "ntewew", "pub_date": "2021-06-16T15:35:37.690", "author": 4, "group": 4, "image": ""}}, {"model": "posts.post", "pk": 179, "fields": {"text": "ew", "pub_date": "2021-06-16T15:36:23.655", "author": 4, "group": null, "image": ""}}, {"model": "posts.post", "pk": 180, "fields": {"text": "new2", "pub_date": "2021-06-16T15:36:45.953", "author": 4, "group": 4, "image": ""}}, {"model": "posts.post", "pk": 181, "fields": {"text": "1", "pub_date": "2021-06-16T15:38:05.980", "author": 4, "group": null, "image": ""}}, {"model": "posts.post", "pk": 182, "fields": {"text": "text", "pub_date": "2021-06-16T15:42:28.579", "author": 4, "group": null, "image": ""}}, {"model": "posts.post", "pk": 183, "fields": {"text": "", "pub_date": "2021-06-16T15:43:07.395", "author": 4, "group": null, "image": ""}}, {"model": "posts.post", "pk": 184, "fields": {"text": "", "pub_date": "2021-06-16T15:47:13.925", "author": 4, "group": null, "image": ""}}, {"model": "posts.post", "pk": 185, "fields": {"text": ".....", "pub_date": "2021-06-16T15:47:41.880", "author": 4, "group": 4, "image": ""}}, {"model": "posts.post", "pk": 186, "fields": {"text": "345", "pub_date": "2021-06-16T15:49:42.798", "author": 4, "group": null, "image": ""}}, {"model": "posts.post", "pk": 187, "fields": {"text": "3g4joeirhverbvnjkewrnvjkwer11111111111111111111", "pub_date": "2021-06-16T15:49:52.317", "author": 4, "group": 4, "image": ""}}, {"model": "posts.post", "pk": 188, "fields": {"text": "\u041d\u043e\u0432\u0430\u044f \u0437\u0430\u043f\u0438\u0441\u044c1", "pub_date": "2021-06-16T15:50:35.027", "author": 4, "group": 4, "image": ""}}, {"model": "posts.post", "pk": 190, "fields": {"text": "New", "pub_date": "2021-06-28T12:19:43.593", "author": 4, "group": 4, "image": ""}}, {"model": "posts.post", "pk": 192, "fields": {"text": "\u041d\u0435 \u0441\u043b\u0438\u0432\u0430\u044e\u0441\u044c!", "pub_date": "2021-06-28T19:17:17.214", "author": 4, "group": 4, "image": "posts/bg.png"}}, {"model": "posts.post", "pk": 193, "fields": {"text": "\u0412\u0441\u0435\u043c \u043f\u0440\u0438\u0432\u0435\u0442!", "pub_date": "2021-06-29T20:27:01.469", "author": 8, "group": 4, "image": ""}}, {"model": "posts.post", "pk": 194, "fields": {"text": "\u041d\u043e\u0432\u0430\u044f \u0437\u0430\u043f\u0438\u0441\u044c", "pub_date": "2021-07-01T22:24:26.464", "author": 4, "group": 2, "image": ""}}, {"model": "posts.post", "pk": 200, "fields": {"text": "127", "pub_date": "2021-07-01T23:04:47.471", "author": 4, "group": null, "image": ""}}, {"model": "posts.post", "pk": 201, "fields": {"text": "1266", "pub_date": "2021-07-01T23:06:47.623", "author": 4, "group": null, "image": ""}}, {"model": "posts.message", "pk": 1, "fields": {"text": "Message 1", "dispatched": "2021-09-01T20:26:07.081", "author": 4, "user": 2, "image": ""}}, {"model": "posts.message", "pk": 2, "fields": {"text": "Message 2", "dispatched": "2021-09-01T20:53:08.118", "author": 4, "user": 2, "image": ""}}, {"model": "posts.message", "pk": 3, "fields": {"text": "Message 3", "dispatched": "2021-09-01T20:57:08.297", "author": 4, "user": 5, "image": "posts/cat1.jpg"}}, {"model": "posts.message", "pk": 4, "fields": {"text": "\u041f\u0440\u0438\u0432\u0435\u0442!", "dispatched": "2021-09-01T21:08:53.373", "author": 9, "user": 4, "image": ""}}, {"model": "posts.message", "pk": 5, "fields": {"text": "\u0421\u043e\u043e\u0431\u0449\u0435\u043d\u0438\u0435 \u0441\u0430\u043c\u043e\u043c\u0443 \u0441\u0435\u0431\u0435", "dispatched": "2021-09-01T22:06:41.635", "author": 4, "user": 4, "image": ""}}, {"model": "posts.message", "pk": 6, "fields": {"text": "New message to admin1", "dispatched": "2021-09-02T10:45:06.225", "author": 4, "user": 5, "image": ""}}, {"model": "posts.message", "pk": 7, "fields": {"text": "\u0421\u043e\u043e\u0431\u0449\u0435\u043d\u0438\u0435 \u0441\u0435\u0431\u0435", "dispatched": "2021-09-02T10:53:51.180", "author": 9, "user": 4, "image": ""}}, {"model": "posts.message", "pk": 8, "fields": {"text": "\u0421\u043e\u043e\u0431\u0449\u0435\u043d\u0438\u0435 \u0441\u0435\u0431\u0435", "dispatched": "2021-09-02T10:54:32.570", "author": 9, "user": 9, "image": ""}}, {"model": "posts.message", "pk": 9, "fields": {"text": "\u041f\u0440\u0438\u0432\u0435\u0442!", "dispatched": "2021-09-02T10:55:56.351", "author": 4, "user": 9, "image": ""}}, {"model": "posts.comment", "pk": 1, "fields": {"post": 192, "author": 5, "text": "1 \u043a\u043e\u043c\u043c\u0435\u043d\u0442", "created": "2021-06-29T20:07:00.389"}}, {"model": "posts.comment", "pk": 2, "fields": {"post": 192, "author": 4, "text": "12341234", "created": "2021-06-29T22:32:04.416"}}, {"model": "posts.comment", "pk": 3, "fields": {"post": 192, "author": 4, "text": "Comment 3", "created": "2021-06-29T22:35:24.128"}}, {"model": "posts.comment", "pk": 4, "fields": {"post": 119, "author": 4, "text": "\u041f\u0440\u0438\u0432\u0435\u0442, \u0412\u0430\u0441\u044f \u041f\u0443\u043f\u043a\u0438\u043d!!", "created": "2021-06-29T22:35:58.096"}}, {"model": "posts.comment", "pk": 8, "fields": {"post": 192, "author": 4, "text": "New", "created": "2021-06-29T19:52:10.061"}}, {"model": "posts.comment", "pk": 9, "fields": {"post": 192, "author": 4, "text": "to`", "created": "2021-06-29T22:54:13.173"}}, {"model": "posts.comment", "pk": 10, "fields": {"post": 190, "author": 4, "text": "New 111242353464586567968069765643521354645", "created": "2021-06-29T22:54:39.306"}}, {"model": "posts.comment", "pk": 11, "fields": {"post": 193, "author": 8, "text": "\u041f\u0440\u0438\u0432\u0435\u0442!", "created": "2021-06-29T23:07:48.809"}}, {"model": "posts.comment", "pk": 12, "fields": {"post": 192, "author": 8, "text": "\u041f\u0440\u0438\u0432\u0435\u0442!", "created": "2021-06-29T23:08:22.779"}}, {"model": "posts.comment", "pk": 13, "fields": {"post": 192, "author": 4, "text": "Reee", "created": "2021-06-29T23:12:04.688"}}, {"model": "posts.comment", "pk": 14, "fields": {"post": 192, "author": 4, "text": "Reee", "created": "2021-06-29T23:12:59.601"}}, {"model": "posts.comment", "pk": 15, "fields": {"post": 192, "author": 4, "text": "New1123", "created": "2021-06-29T23:13:05.350"}}, {"model": "posts.comment", "pk": 16, "fields": {"post": 192, "author": 4, "text": "wergwr", "created": "2021-06-29T23:13:23.619"}}, {"model": "posts.comment", "pk": 17, "fields": {"post": 192, "author": 4, "text": "fwregw", "created": "2021-06-29T23:13:28.387"}}, {"model": "posts.comment", "pk": 18, "fields": {"post": 192, "author": 4, "text": "\u0415\u0449\u0451 \u043e\u0434\u0438\u043d \u043a\u043e\u043c\u043c\u0435\u043d\u0442\u0430\u0440\u0438\u0439", "created": "2021-06-30T08:06:13.438"}}, {"model": "posts.comment", "pk": 19, "fields": {"post": 192, "author": 4, "text": "+2", "created": "2021-06-30T08:07:21.615"}}, {"model": "posts.comment", "pk": 20, "fields": {"post": 192, "author": 4, "text": "+3", "created": "2021-06-30T08:08:26.436"}}, {"model": "posts.comment", "pk": 21, "fields": {"post": 119, "author": 4, "text": "234", "created": "2021-06-30T08:08:47.420"}}, {"model": "posts.comment", "pk": 22, "fields": {"post": 192, "author": 4, "text": "+4", "created": "2021-06-30T08:15:41.153"}}, {"model": "posts.comment", "pk": 23, "fields": {"post": 192, "author": 4, "text": "dewfr", "created": "2021-06-30T08:24:52.072"}}, {"model": "posts.comment", "pk": 24, "fields": {"post": 192, "author": 4, "text": "+1", "created": "2021-06-30T09:09:21.955"}}, {"model": "posts.comment", "pk": 25, "fields": {"post": 192, "author": 4, "text": "+23", "created": "2021-06-30T09:10:55.305"}}, {"model": "posts.comment", "pk": 26, "fields": {"post": 200, "author": 4, "text": "127", "created": "2021-07-01T23:06:25.267"}}, {"model": "posts.comment", "pk": 27, "fields": {"post": 201, "author": 4, "text": "12", "created": "2021-07-01T23:06:53.931"}}, {"model": "posts.comment", "pk": 28, "fields": {"post": 200, "author": 4, "text": "+23", "created": "2021-07-07T16:41:52.371"}}, {"model": "posts.comment", "pk": 29, "fields": {"post": 201, "author": 4, "text": "0987", "created": "2021-08-28T00:14:46.130"}}, {"model": "posts.follow", "pk": 13, "fields": {"user": 2, "author": 4}}, {"model": "posts.follow", "pk": 23, "fields": {"user": 4, "author": 2}}, {"model": "admin.logentry", "pk": 1, "fields": {"action_time": "2021-05-25T19:01:26.822", "user": 3, "content_type": 8, "object_id": "1", "object_repr": "\u041b\u0435\u0432 \u0422\u043e\u043b\u0441\u0442\u043e\u0439", "action_flag": 1, "change_message": "[{\"added\": {}}]"}}, {"model": "admin.logentry", "pk": 2, "fields": {"action_time": "2021-05-25T19:01:49.933", "user": 3, "content_type": 1, "object_id": "37", "object_repr": "Post object (37)", "action_flag": 2, "change_message": "[{\"changed\": {\"fields\": [\"text\", \"group\"]}}]"}}, {"model": "admin.logentry", "pk": 3, "fields": {"action_time": "2021-05-25T19:04:39.140", "user": 3, "content_type": 8, "object_id": "2", "object_repr": "\u0410\u043b\u0435\u043a\u0441\u0430\u043d\u0434\u0440 \u041f\u0443\u0448\u043a\u0438\u043d", "action_flag": 1, "change_message": "[{\"added\": {}}]"}}, {"model": "admin.logentry", "pk": 4, "fields": {"action_time": "2021-05-25T19:05:10.906", "user": 3, "content_type": 8, "object_id": "3", "object_repr": "\u041c\u0438\u0445\u0430\u0438\u043b \u041b\u0435\u0440\u043c\u043e\u043d\u0442\u043e\u0432", "action_flag": 1, "change_message": "[{\"added\": {}}]"}}, {"model": "admin.logentry", "pk": 5, "fields": {"action_time": "2021-05-25T19:05:39.836", "user": 3, "content_type": 1, "object_id": "36", "object_repr": "Post object (36)", "action_flag": 2, "change_message": "[{\"changed\": {\"fields\": [\"group\"]}}]"}}, {"model": "admin.logentry", "pk": 6, "fields": {"action_time": "2021-05-25T19:05:49.117", "user": 3, "content_type": 1, "object_id": "31", "object_repr": "Post object (31)", "action_flag": 2, "change_message": "[{\"changed\": {\"fields\": [\"text\", \"group\"]}}]"}}, {"model": "admin.logentry", "pk": 7, "fields": {"action_time": "2021-05-25T19:24:51.935", "user": 3, "content_type": 8, "object_id": "1", "object_repr": "\u041b\u0435\u0432 \u0422\u043e\u043b\u0441\u0442\u043e\u0439", "action_flag": 2, "change_message": "[{\"changed\": {\"fields\": [\"description\"]}}]"}}, {"model": "admin.logentry", "pk": 8, "fields": {"action_time": "2021-05-25T19:26:27.496", "user": 3, "content_type": 8, "object_id": "2", "object_repr": "\u0410\u043b\u0435\u043a\u0441\u0430\u043d\u0434\u0440 \u041f\u0443\u0448\u043a\u0438\u043d", "action_flag": 2, "change_message": "[{\"changed\": {\"fields\": [\"description\"]}}]"}}, {"model": "admin.logentry", "pk": 9, "fields": {"action_time": "2021-05-25T19:26:38.776", "user": 3, "content_type": 8, "object_id": "3", "object_repr": "\u041c\u0438\u0445\u0430\u0438\u043b \u041b\u0435\u0440\u043c\u043e\u043d\u0442\u043e\u0432", "action_flag": 2, "change_message": "[{\"changed\": {\"fields\": [\"description\"]}}]"}}, {"model": "admin.logentry", "pk": 10, "fields": {"action_time": "2021-06-13T15:09:26.290", "user": 5, "content_type": 8, "object_id": "4", "object_repr": "\u0410\u0434\u043c\u0438\u043d\u0438\u0441\u0442\u0440\u0430\u0446\u0438\u044f", "action_flag": 1, "change_message": "[{\"added\": {}}]"}}, {"model": "admin.logentry", "pk": 11, "fields": {"action_time": "2021-06-13T15:09:32.571", "user": 5, "content_type": 1, "object_id": "41", "object_repr": "\u041f\u043e\u0441\u0442 \u043d\u043e\u043c\u0435\u0440 1", "action_flag": 1, "change_message": "[{\"added\": {}}]"}}, {"model": "admin.logentry", "pk": 12, "fields": {"action_time": "2021-06-13T15:09:48.333", "user": 5, "content_type": 1, "object_id": "42", "object_repr": "\u041f\u043e\u0441\u0442 \u043d\u043e\u043c\u0435\u0440 2. \u0412\u0442\u043e\u0440\u043e\u0439 \u043f\u043e\u0441\u0442.", "action_flag": 1, "change_message": "[{\"added\": {}}]"}}, {"model": "admin.logentry", "pk": 13, "fields": {"action_time": "2021-06-13T19:41:34.978", "user": 5, "content_type": 1, "object_id": "40", "object_repr": "\u0423\u0442\u0440\u043e\u043c\u044a \u0433\u043e\u043b\u044c\u0434\u044a \u0414\u0435\u0440\u0441\u0443 \u0423\u0437\u0430\u043b\u0430 \u043d\u0430 \u043f\u043e\u0432\u0442\u043e\u0440\u043d\u043e \u0437\u0430\u0434\u0430\u043d\u043d\u044b\u0439 \u0432\u043e\u043f\u0440\u043e\u0441\u044a \u0441\u043e\u0433\u043b\u0430\u0441\u0435\u043d\u044a \u043b\u0438 \u043e\u043d\u044a \u043f\u043e\u0441\u0442\u0443\u043f\u0438\u0442\u044c \u043f\u0440\u043e\u0432\u043e\u0434\u043d\u0438\u043a\u043e\u043c\u044a \u0438\u0437\u044a\u044f\u0432\u0438\u043b\u044a \u0441\u0432\u043e\u0435 \u0441\u043e\u0433\u043b\u0430\u0441\u0456\u0435 \u0438 \u0441\u044a \u044d\u0442\u043e\u0433\u043e \u043c\u043e\u043c\u0435\u043d\u0442\u0430 \u043e\u043d\u044a \u0441\u0442\u0430\u043b\u044a \u0447\u043b\u0435\u043d\u043e\u043c \u044d\u043a\u0441\u043f\u0435\u0434\u0438\u0446\u0456\u0438.", "action_flag": 2, "change_message": "[{\"changed\": {\"fields\": [\"author\"]}}]"}}, {"model": "admin.logentry", "pk": 14, "fields": {"action_time": "2021-06-14T13:14:28.791", "user": 5, "content_type": 5, "object_id": "5", "object_repr": "admin1", "action_flag": 2, "change_message": "[{\"changed\": {\"fields\": [\"first_name\", \"last_name\"]}}]"}}, {"model": "admin.logentry", "pk": 15, "fields": {"action_time": "2021-06-29T20:07:00.391", "user": 8, "content_type": 10, "object_id": "1", "object_repr": "Comment object (1)", "action_flag": 1, "change_message": "[{\"added\": {}}]"}}]